claudiagb@netcabo.pt
claudiamatias@netcabo.pt
claudiamcarrico@sapo.pt
claudiamexia@iol.pt
claudiampinto@sapo.pt
claudianeto@aeiou.pt
claudiasantos@presspeople.pt
claudiaservbrava1@sapo.pt
claudiasmcf@sapo.pt
claudiavazmarques@sapo.pt
claudiavicente@flag.pt
claudina.monteiro@meteo.pt
claudio.chaves@netcabo.pt
claudio.louro@ctamega.pt
claudio@graca.pt
claudio@ipleiria.pt
claudio_santos@live.com.pt
claudio_soares@netcabo.pt
claudiocesar@netcabo.pt
claudiom@burotica.pt
claudiorj@sapo.pt
claudiov@clix.pt
claudy@iol.pt
claupinto@clix.pt
clbarbosa@guide.pt
clca@vodafone.pt
cld@netcabo.pt
cleandro@franquiger.pt
cleandro@ldc.pt
clementejorge@sapo.pt
clementemartins@sapo.pt
clgameiro@fc.ul.pt
cliente@chaveazul.pt
clientes@centropack.pt
climaconde@sapo.pt
clinica.medeia@sapo.pt
clinica@josepinheirocorreia.pt
clinica24@sapo.pt
clinicadralmenoleite@iol.pt
clinicasantacatarina@sapo.pt
clinicavitalcentro@iol.pt
clipar@mail.telepac.pt
clipreal@clipreal.pt
clipreal@clix.pt
clivia@clivia.pt
clloudlive.pt@gmail.com
clmorais@netvisao.pt
clodomir@iol.pt
clopes.seguros@mail.pt
clopescondominios@sapo.pt
clotilde.lima@fnac.pt
clovis.castro@sapo.pt
clpsara@sapo.pt
clubedoolhar@sapo.pt
clubevinhos@sapo.pt
cluciano@clix.pt
clumazul@sapo.pt
cm@netvisao.pt
cmabreu@portugalmail.pt
cmanuelaf@clix.pt
cmariasousa@vodafone.pt
cmaribela@clix.pt
cmarques@eretea.pt
cmarques@fup.pt
cmarques@itn.pt
cmarreiros@sapo.pt
cmartins@sanest.pt
cmbaeta@sapo.pt
cmbcavaleira@sapo.pt
cmbfarinha@clix.pt
cmcarmo@sapo.pt
cmcarneiro@sapo.pt
cmcf@mail.telepac.pt
cmcf@netcabo.pt
cmcruz@oninet.pt
cmcs.cabaco@clix.pt
cmcs83@iol.pt
cmcsopp@sapo.pt
cmdam@sapo.pt
cmdias@cmdias.pt
cmdias@esec.pt
cmelo@netcabo.pt
cmerca@kmedia.pt
cmesquita@ascendi.pt
cmetrass@netcabo.pt
cmezanina@sapo.pt
cmf1952@netcabo.pt
cmfalmeida@sapo.pt
cmfg@netcabo.pt
cmg@prof2000.pt
cmgo@netc.pt
cmgoncalves1970@sapo.pt
cmgracio@sapo.pt
cmiguel2000@mail.telepac.pt
cmiranda@vodafone.pt
cmlpedrosa@clix.pt
cmluis@sapo.pt
cmmatos@meo.pt
cmmorgado@ges.pt
cmonteiro@cofidis.pt
cmop@sapo.pt
cmoura1@sapo.pt
cmp.geral@mail.telepac.pt
cmp_presidente@pardieiros.pt
cmpacheco@ldc.pt
cmr7@sapo.pt
cmrzina@netcabo.pt
cmsfsp@iol.pt
cmsm336@netcabo.pt
cmsmendes@sonaedistribuicao.pt
cmtanatura@live.com.pt
cmtsemog@clix.pt
cmvmfp@iol.pt
cmvrs@iol.pt
cmvs@iol.pt
cnjeronimo@iol.pt
cobenfica@netcabo.pt
cobrar@sapo.pt
cocahiper@mail.telepac.pt
codigo.luz@sapo.pt
codigopostal@ciberforma.pt
coelho.dias@iol.pt
coelhofilhos@sapo.pt
coelholapa@netcabo.pt
coelhoribeiro@netcabo.pt
coelli@sapo.pt
cofra@sapo.pt
cogema.fatima@mail.telepac.pt
coimbra.celas@laforet.pt
coimbra@besttravel.pt
coimbra@pingusenglish.pt
coimbraeste@ldc.pt
coimbraluis@mail.pt
coimbrascondominus@sapo.pt
coimbrasolum@ldc.pt
coimcoim@sapo.pt
coisasmil@mail.telepac.pt
colabora@sapo.pt
colaco.colaco@mail.telepac.pt
colaco.colaco@oninet.pt
colin.ferreira@ammesquita.pt
colombo@iol.pt
comarpa@comarpa.pt
comecala@iol.pt
comecrial.1000ideias@iol.pt
comerag@sotancro.pt
comercia@raulpinadesign.pt
comercial.alunorma@sapo.pt
comercial.fbi@sapo.pt
comercial.porto@decoluso.pt
comercial.verticalcare@wallcare.pt
comercial@alientech.pt
comercial@alumen.pt
comercial@ambidestro.pt
comercial@aplitinta.pt
comercial@assismatica.pt
comercial@baltar.pt
comercial@bastosevalente.pt
comercial@biourb.pt
comercial@brightblue.com.pt
comercial@colicapela.pt
comercial@combinacaodossentidos.pt
comercial@cotel.pt
comercial@criatiff.pt
comercial@decimal.pt
comercial@depilclub.pt
comercial@directvision.pt
comercial@edimil.pt
comercial@electroferreiraleite.pt
comercial@empregosmanager.pt
comercial@equilibrium.org.pt
comercial@espacomecanico.pt
comercial@gudenergy.pt
comercial@habitatus.com.pt
comercial@hotelfaro.pt
comercial@improxy.pt
comercial@infor.com.pt
comercial@inforbarras.pt
comercial@insignia.com.pt
comercial@mgtm.pt
comercial@mycomercio.pt
comercial@nauti4u.com.pt
comercial@nma.pt
comercial@planimolde.pt
comercial@portival.pt
comercial@prn.pt
comercial@quimar.pt
comercial@quimilimpa.pt
comercial@rampage.pt
comercial@raulpinadesign.pt
comercial@ricardojorgegoncalves.pt
comercial@sinalarte.pt
comercial@sintranet.pt
comercial@soincometal.pt
comercial@tecnolight.pt
comercial@telelis.com.pt
comercial@tempiclasse.pt
comercial@vidaltec.pt
comercial@vougaclas.pt
comercial@windland.pt
comercial6@webtoner.pt
comoum@oniduo.pt
complexagua@iol.pt
comprajogos@sapo.pt
compras.porto@tivoli.pt
compras@cifil.pt
compras@disdis.pt
comsaber@mail.telepac.pt
comum.espaco@clix.pt
comunicacao@conclusao.pt
comunicacao@electrotejo.pt
comunicacao@scment.pt
comunik@netvisao.pt
conceicao.bica@clix.pt
conceicao.martins@infocontrol.pt
conceicao.pinto@iol.pt
conceicaoaraujo@bragatel.pt
conceicaodias@sapo.pt
conceicaof@netcabo.pt
conceito.casa@iol.pt
cond.blocoj@mail.pt
cond.edf.galiza@sapo.pt
cond.lote.12@mail.pt
cond2620296@iol.pt
condadoinvest@iol.pt
condaraujo@sapo.pt
condeiconta@sapo.pt
condense@sapo.pt
condihabi@iol.pt
condiportela@mail.telepac.pt
condlaranjeiro@sapo.pt
condmais@sapo.pt
condo.caf@sapo.pt
condo.e.s.p@sapo.pt
condoana@iol.pt
condoconfort@netvisao.pt
condofonseca@clix.pt
condolitoral@oniduo.pt
condominio.c.lebre@sapo.pt
condominio.caires125@sapo.pt
condominio.care@clix.pt
condominio.das.pegas@sapo.pt
condominio.lote19@sapo.pt
condominio.num18@portugalmail.pt
condominio.praia.aveiros@sapo.pt
condominio.r.gil.eanes.odivelas@live.com.pt
condominio.r.vinha@sapo.pt
condominio.rclas39@clix.pt
condominio.regatos@sapo.pt
condominio.rjom4@sapo.pt
condominio.vieiradasilva@sapo.pt
condominio@armail.pt
condominio@habitrade.pt
condominio@oceanus.com.pt
condominio@xpto.com.pt
condominio_lote_42@sapo.pt
condominio1@iol.pt
condominio101@netcabo.pt
condominio10d@sapo.pt
condominio126@iol.pt
condominio40@portugalmail.pt
condominio46@iol.pt
condominio65@netcabo.pt
condominio8@clix.pt
condominio88@netcabo.pt
condominiocacilhas@live.com.pt
condominiodaspegas@sapo.pt
condominiodolote742@live.com.pt
condominioedinsua@net.sapo.pt
condominiofahf@aeiou.pt
condominiofeiteira73@portugalmail.pt
condominiolote253@sapo.pt
condominiolote9@sapo.pt
condominiomiramar@sapo.pt
condominiomor@sapo.pt
condominiopalmeira2@sapo.pt
condominioporta46@sapo.pt
condominiorj35@netcabo.pt
condominios@euroinvestimento.pt
condominios@gescofati.pt
condominios@iat.pt
condominios@lpi.pt
condominios@sectorplus.pt
condominiosaoromao@iol.pt
condominiosmarques@clix.pt
condominiossa@iol.pt
condominioteste@iol.pt
condominium.pt@mail.pt
condomino@portugalmail.pt
condomino@sapo.pt
condomino33@sapo.pt
condominos@esco.pt
condomoura@mail.pt
condopinheiro@sapo.pt
condoserv@clix.pt
condotom@condotom.pt
condovozoperario1@sapo.pt
condsp101@sapo.pt
conduniao@sapo.pt
condutente@sapo.pt
confeccoes.imperio@sapo.pt
confordominium@sapo.pt
confort.domus@clix.pt
const_henriques@sapo.pt
constantinopereira@sapo.pt
construcoesviseu@sapo.pt
consulserve@mail.telepac.pt
cont.2175@est.isvouga.pt
contab.sr@sapo.pt
contabilara@telepac.pt
contabilidade@balletshop.pt
contabilidade@ctm.com.pt
contabilidade@fiscalimpex.pt
contabilidade@gac.pt
contact@agenciapublicidade.pt
contact@dentistaamadora.pt
contact@prawda.pt
contact@prontigraf.pt
contact@tst.pt
contacto@amplitudenet.pt
contacto@bodyscience.pt
contacto@capasparasofa.pt
contacto@cltt.pt
contacto@designabout.pt
contacto@f3m.pt
contacto@larservice.pt
contacto@novaagencia.pt
contacto@nunobarata.pt
contacto@techinside.pt
contacto@tuttinfor.pt
contacto@webapps.com.pt
contactos@taitours.pt
contagio@mail.telepac.pt
contamarinhense@mail.telepac.pt
contaraujo2@sapo.pt
contasa2@sapo.pt
contasdacasa@iol.pt
contasr@contasresultados.pt
contassomar@netcabo.pt
contaunica@netcabo.pt
continua@live.com.pt
contrapragas@sapo.pt
contraroubo@netvisao.pt
controlpom.carla@clix.pt
conunes@netcabo.pt
coohafal@sapo.pt
coolobos@sapo.pt
coolpedro@mail.pt
coop.agricola.soure@mail.telepac.pt
copiges@copiges.pt
coquetinho@netcabo.pt
cordeiro.lda@iol.pt
corgonlac@sapo.pt
correiaamcl@iol.pt
correiadasneves@sapo.pt
correiajp@netcabo.pt
correio.pjgrodrigues@sapo.pt
correio@beiranegocios.pt
correio_da_anita@sapo.pt
correiodonuno@netcabo.pt
correioemail@iol.pt
correiohugo@net.sapo.pt
corroios@ldc.pt
corsa@iol.pt
corsab@netcabo.pt
corsega@clix.pt
corticeiracastro@sapo.pt
corvineiro@iol.pt
corvo.joao@sapo.pt
cosmolog@netcabo.pt
costa.alves@soaresdacosta.pt
costa.artur@netvisao.pt
costa.calf@mail.exercito.pt
costa.cascais@netcabo.pt
costa.grenassist@sapo.pt
costa.leite@sapo.pt
costa.ramalho@sapo.pt
costa_alexandre@sapo.pt
costa1001@sapo.pt
costa3333@sapo.pt
costadacaparica@ldc.pt
costapaul@netcabo.pt
cosworth13@sapo.pt
coutinho@clinicadacasa.pt
coutinho59@live.com.pt
coutonet@iol.pt
coutos.casimiro@sapo.pt
coutos.csimiro@sapo.pt
covilha@ldc.pt
coyootte.vf@sapo.pt
cozinhadase@sapo.pt
coziram@sapo.pt
cozitecnica@netcabo.pt
cp_goncalves@netcabo.pt
cpal66a@sapo.pt
cpasmail@oninet.pt
cpchimeno@sapo.pt
cpedreira@sapo.pt
cpeixe63@sapo.pt
cpinheiro@alp.pt
cpires@finibanco.pt
cpmo@sapo.pt
cpms@netcabo.pt
cpnsc@netcabo.pt
cpog@netcabo.pt
cpopera@mail.telepac.pt
cpppmarques@sapo.pt
cq@sapo.pt
cr7@kanguru.pt
cravlopes@generali.pt
cravomendes@sapo.pt
crazy_sinn3r@sapo.pt
crazykaraoke@sapo.pt
crazyneptuno@sapo.pt
crb3@clix.pt
credimedia@credimedia.pt
credondo@mail.pt
creezy@clix.pt
creislima@netcabo.pt
creislima@sapo.pt
crel.elevadores@sapo.pt
cres47@iol.pt
crespotavar@clix.pt
crfaria@refer.pt
criacoessandrinha@sapo.pt
criativo@kasuar.pt
cribeiro.vozarte@lispolis.pt
cridilimpa@iol.pt
crino@mail.pt
cris.cald@sapo.pt
cris.carreira@sapo.pt
cris.henriques@sapo.pt
cris.leo@sapo.pt
cris.sotnas@clix.pt
cris.vieira@netcabo.pt
cris_21@aeiou.pt
cris_xavier@iol.pt
crisanribeiro@iol.pt
crisar@clix.pt
crisb@iol.pt
crisbas@iol.pt
criscrista@mail.pt
crisgeste@netcabo.pt
crislee@netcabo.pt
crislira@sapo.pt
crislsantos@clix.pt
crisnuriarmy@netc.pt
crisparreira@sapo.pt
crispertec@sapo.pt
crispl@clix.pt
crisricardo@iol.pt
crissantos@oninet.pt
cristiamg@netcabo.pt
cristiana.alves@portugalmail.pt
cristiana.sa@etma.pt
cristiana.silva@portugalmail.pt
cristianamachado@iol.pt
cristiandaniel@sapo.pt
cristiano.silva@iol.pt
cristianofonseca@iol.pt
cristina.abranches@oninetspeed.pt
cristina.amorim@sapo.pt
cristina.araujo@inogate.pt
cristina.cardoso@zon.pt
cristina.carvalho.16@clix.pt
cristina.cl@clix.pt
cristina.fernandes@tcontas.pt
cristina.ferreira@tvtel.pt
cristina.henriques@ipt.pt
cristina.i.silva@mail.pt
cristina.inacio@netcabo.pt
cristina.luxera@netcabo.pt
cristina.machado@i2s.pt
cristina.marques@lneg.pt
cristina.mendes@iapmei.pt
cristina.miguel@santander.pt
cristina.mota@ine.pt
cristina.nmagalhaes@clix.pt
cristina.primo@inovinter.pt
cristina.rolo@netcabo.pt
cristina.s.tavares@sapo.pt
cristina.sales@sapo.pt
cristina.salsa@iqf.gov.pt
cristina.serra@netcabo.pt
cristina.serrano@fct.mctes.pt
cristina.sotta@clix.pt
cristina.tavares@preseg.pt
cristina.vieira@oninet.pt
cristina@dnoticias.pt
cristina@imagem.ibili.uc.pt
cristina@motivavence.pt
cristina@neanorte.pt
cristina@ulmar.pt
cristina212@sapo.pt
cristinaacgomes@iol.pt
cristinaamorim@aeiou.pt
cristinabrantes1@sapo.pt
cristinaccol@iol.pt
cristinacravo@clix.pt
cristinadavid@net.sapo.pt
cristinadelfino@iol.pt
cristinadelfino@netc.pt
cristinaferreira@livrariabarata.pt
cristinaferreira40@live.com.pt
cristinairferreira4@sapo.pt
cristinaleca@mail.telepac.pt
cristinalpmarques@sapo.pt
cristinamedina@gppaa.pt
cristinamiranda@bragatel.pt
cristinamorgado@netcabo.pt
cristinaoliveira@oms.pt
cristinap@netvisao.pt
cristinapacheco@iol.pt
cristinapereira@stfpn.pt
cristinapincao@sapo.pt
cristinapinto1@sapo.pt
cristinaraujo@vodafone.pt
cristinasiopa@cristinasiopa.pt
cristinavilar@sapo.pt
cristinavilasboas@live.com.pt
cristx@sapo.pt
cristyna@sapo.pt
crisvito@netcabo.pt
crlsantos@netcabo.pt
crodrigues@besinv.pt
crodrigues1@sapo.pt
croiss_ocidental@sapo.pt
crokis@mail.pt
cromao@cofidis.pt
crosario@mail.telepac.pt
crow18@clix.pt
crp@orbitur.pt
crpedras@sapo.pt
crsa2002@iol.pt
cruchinho@netcabo.pt
crufil@clix.pt
cruz.cristina@iol.pt
cruz.pau@clix.pt
cruz@papelave.pt
cruz4044@netcabo.pt
cruzant@net.sapo.pt
cruzeiro@mail.telepac.pt
cruzj@sapo.pt
cruzraquel@mail.pt
crvicos@oninet.pt
crystal@sapo.pt
crystalprint.pt@gmail.com
crz_125@live.com.pt
cs.chaves@besleasefactor.pt
cs.clace@iol.pt
cs@netvisao.pt
cs_condominios@zmail.pt
cs2810@clix.pt
csacarlos.senra@sapo.pt
csantos@ocasiao.pt
csantos@oninetspeed.pt
csantos_30@aeiou.pt
csayanda@netcabo.pt
csbnogueira@iol.pt
csc@esel.ipleiria.pt
cschatue@sapo.pt
csdc@portugalmail.pt
csemrazao@sapo.pt
csequeira@netcabo.pt
csfbm@netcabo.pt
csgmachado@gaim.pt
csil@datelka.pt
csilva@acticobra.pt
csilva@co.sapo.pt
csilva@cpj.pt
csilvamendes@netcabo.pt
csilvapavimentos@iol.pt
csmg1@iol.pt
csmg1@sapo.pt
csmmagalhaes@portugalmail.pt
csoeiro@ldc.pt
csousa@bookpaper.pt
csousa@fercanorte.com.pt
csousap@iol.pt
csov@iol.pt
csrodrigues@cp.pt
cssn73@iol.pt
csusanacosta@iol.pt
csvaz@sapo.pt
ct1drb@iol.pt
ct1ene@netvisao.pt
ct1euk@sapo.pt
ct24@live.com.pt
ct2irk@sapo.pt
ct4ko@clix.pt
ct4ms@netcabo.pt
cteixeira@tap.pt
cteixeira@tduarte.pt
ctsilva@marconi.pt
ctteixeira@sapo.pt
ctvintem@netcabo.pt
cubigraf@sapo.pt
cucomarcia@sapo.pt
culturadotabaco@iol.pt
cunga2005@sapo.pt
cunha.gaia@clix.pt
cunha.rodrigues@netcabo.pt
cunha.veronica@netvisao.pt
cunha44@sapo.pt
cunhaamaral@sapo.pt
cunhajaime@sapo.pt
cunhanuno@netcabo.pt
cunhasilva@netcabo.pt
cupido.santos@netc.pt
curioso@sapo.pt
curros@netcabo.pt
cursos.am@gnr.pt
cuscatudo@sapo.pt
cust5@sapo.pt
custodia.monteiro@muray.pt
custodio.guerreiro@sapo.pt
cvalinhas@clix.pt
cvences@aeiou.pt
cvent@netcabo.pt
cvicente@galileu.pt
cvieira@globals.pt
cvilaca@oninet.pt
cvitorio@netcabo.pt
cvm.conf.vieira.mendes@live.com.pt
cvpereira@netvisao.pt
cvremergencia@sapo.pt
cvsilva@clix.pt
cwalbufeira@cartridgeworld.pt
cwseixal@cartridgeworld.pt
d_azedo@iol.pt
d_sdms@sapo.pt
d3v1l@netcabo.pt
da_white@netcabo.pt
dacar3@sapo.pt
dacm@live.com.pt
daferr@sapo.pt
daficosta@clix.pt
daisy.velasco@brisa.pt
daisymello@netcabo.pt
dalexduarte@clix.pt
dalia_almeida@iol.pt
daliagalrinho@clix.pt
dalila.caldeira@viceversa.pt
dalila.ferreira@ciclumfarma.pt
dalilasferreira@sapo.pt
dalmeidafernando@clix.pt
dalmo.araujo@netcabo.pt
daluzmiguel@sapo.pt
damasio.cotovio@sapo.pt
damaslda@sapo.pt
damata_imo@sapo.pt
damiaodegois@iol.pt
dan.lourenco@netvisao.pt
dani.soares@iol.pt
dani_2000@sapo.pt
dani22111978@live.com.pt
daniel.barata@netcabo.pt
daniel.barros@euricoferreira.pt
daniel.lima@tem.pt
daniel.mateus@netcabo.pt
daniel.paulino9@sapo.pt
daniel.rainha@netvisao.pt
daniel.ribeiro@iol.pt
daniel.rosas@netcabo.pt
daniel.serpa@netvisao.pt
daniel.silva@selda.pt
daniel.varela@sapo.pt
daniel_almeida@sapo.pt
daniel_campino@sapo.pt
daniel_martins@net.sapo.pt
daniela.pereira@portugalmail.pt
daniela1612@sapo.pt
danielaalmeida@netc.pt
danielabmartins@sapo.pt
danielacarvalho@netcabo.pt
danielaclaro@portugalmail.pt
danielaguedes@netcabo.pt
danielaguedes@oninetspeed.pt
danielamorais@mail.telepac.pt
danielasousa@iol.pt
danielcarvalho@mail.pt
danieldascaldas@iol.pt
danieldias@netcabo.pt
danielfabricio@live.com.pt
danielfernandotorres@sapo.pt
danielfresco@sapo.pt
danielgarvoa@sapo.pt
danieljr@clix.pt
danielmonteiro.23@sapo.pt
danielpcosta@netcabo.pt
danielpires@netcabo.pt
danielrapereira@clix.pt
danielsan@netcabo.pt
danielserra@sapo.pt
danielvilaca@sapo.pt
danizinho@sapo.pt
dantashelder@netcabo.pt
dantz@mail.pt
danytuga@iol.pt
daoservice@clix.pt
dapacp@dgac.pt
darcibel@sapo.pt
dario.santos@simplesnet.pt
dariopalminha@netcabo.pt
dariopena@netcabo.pt
dariopinho@sapo.pt
darioramos@iol.pt
darioramos@netcabo.pt
dark__angel29@sapo.pt
darkvoid@netcabo.pt
dartvader@sapo.pt
dasilva.mds@mail.telepac.pt
dasilvalima@iol.pt
david.duarte@fresator.pt
david.henriques@ssap.gov.pt
david.marques@websector.pt
david.nunes@marinadealbufeira.com.pt
david.oliveira@zenn.pt
david.pereira@iol.pt
david.pereira@netcabo.pt
david.sequeira@dars.pt
david.soares@netcabo.pt
david.tavares@netvisao.pt
david@3g.com.pt
david@metelvina.pt
david_box@live.com.pt
david_cardoso@netcabo.pt
david_faria@netcabo.pt
david_guedes@sapo.pt
davidfigueira@sapo.pt
davidjalmeida@iol.pt
davidmartins18@sapo.pt
davidmendonca@curiosidade.pt
davidmontez@mail.telepac.pt
davidmsantos@cscc.pt
davidoliveira@live.com.pt
davidpratas@clix.pt
davidrfranco@clix.pt
davipinto@netcabo.pt
davrod@clix.pt
daytona_67@aeiou.pt
dbacalhau@aeiou.pt
dbc@dosdin.pt
dbotas@netcabo.pt
dcanena@netc.pt
dcarrico@adse.pt
dcfcondominios@sapo.pt
dcosta@coperol.pt
ddandre@netcabo.pt
ddgg@portugalmail.pt
ddps@live.com.pt
dduque@netcabo.pt
de.roos@sapo.pt
de_maos_atadas@iol.pt
debora_ma_lopes@sapo.pt
deboramontez@musicanocoracao.pt
decastrovilela@sapo.pt
decordiamantes@live.com.pt
decorsantos@iol.pt
decorshop@mail.telepac.pt
dedeca@netcabo.pt
degraudocastelo@sapo.pt
dejusta@esoterica.pt
delfim@medidata.pt
delfimcarvalho@netcabo.pt
dellita_abril_1965@sapo.pt
delmondi@sapo.pt
demendes@sapo.pt
demog@portugalmail.pt
demoluz@sapo.pt
deniconsult@clix.pt
deniseb@netcabo.pt
dental.lab@iol.pt
dentistastrofa@medicosespecialistas.com.pt
denuncias_pontinha@portugalmail.pt
deolinda.fortes@encostadourada.pt
deolinda.mendes@bragatel.pt
deolinda.mendes@oniduo.pt
deolinda.sousa@sapo.pt
deolindamiranda@sapo.pt
deolindamourao@sapo.pt
deonilde.prestes@portimaourbis.pt
deprital@iol.pt
deptecnico@wbp.pt
dequinamorais@sapo.pt
der.miguelrocha@clix.pt
derelict.pt@gmail.com
dersalgueiro@oniduo.pt
descobrindo@iol.pt
desconfiado43@portugalmail.pt
desdigit@mail.telepac.pt
desentope@iol.pt
design@artworx.com.pt
design@controsol.pt
design@engirevi.pt
design@globalpixel.pt
designlab@net7.pt
desp.rui@mail.telepac.pt
despertando@sapo.pt
destinatorluis@sapo.pt
destinum@destinum.pt
deuseto@portugalmail.pt
deusfrederico@sapo.pt
developer@sapo.pt
dextraservicos@sapo.pt
dfbg@sapo.pt
dferreira@sapo.pt
dfmota@sapo.pt
dfmsantos@netcabo.pt
dfpimenta@sapo.pt
dfvm@ua.pt
dgoncalves@netcabo.pt
dgsilva@isq.pt
dguerreiro@pkf.pt
dguerreiro@visaodigital.pt
dhl2@sapo.pt
di.rod@iol.pt
di_morgado@iol.pt
di1502@sapo.pt
dialogo@sapo.pt
diamantino.a.pires@telecom.pt
diamantino.f.rodrigues@sapo.pt
diamantino_dribeiro@sapo.pt
diana.figueiredo@clix.pt
diana.pereira@clix.pt
diana.santos@netvisao.pt
dianagoncalves@quercia.pt
dianapereira1@netcabo.pt
dianaric@sapo.pt
dianasilva@netcabo.pt
dianthus@sapo.pt
dias.dias@iol.pt
dias.silva@atpi.pt
diasm@netcabo.pt
diasml@sapo.pt
diazlorenzo@clix.pt
dicontab@netvisao.pt
didactico@trisca.pt
diesel.alexandre@sapo.pt
diferentesniveis@sapo.pt
digiphone@sapo.pt
digisfera@digisfera.pt
digitall@iol.pt
dilen@vetbizz.pt
dimagueu123@sapo.pt
dina.alves@agros.pt
dina.francisco@iol.pt
dina.lucas@viborel.pt
dinacunha@sapo.pt
dinamariabranco@aeiou.pt
dinapaiva@hotmail.com.pt
dinapaiva@sapo.pt
dinarte@netcabo.pt
dinha@portugalmail.pt
dinis.carvalho@netcabo.pt
dinis.claudia@iol.pt
dinis.duarte@netcabo.pt
dinis.rodrigues@ocasarao.pt
dinis2@meo.pt
diniscarrico@portugalmail.pt
diniz.ventura@sapo.pt
dinky77@sapo.pt
dinosman@vodafone.pt
diogo.alexandre.86@live.com.pt
diogo.almeida@sapo.pt
diogo.b.diniz@sapo.pt
diogo.bobone@idw.pt
diogo.cabral@rtp.pt
diogo.conceicao@oniduo.pt
diogo.jeronimo@sapo.pt
diogo.lima@inedito.com.pt
diogo.sardinha@clix.pt
diogo_felix@portugalmail.pt
diogofluis@sapo.pt
diogohelena@netcabo.pt
diogomagro@sapo.pt
diogomanuel.silva@edp.pt
diogop@net.sapo.pt
diogopereiro@iol.pt
dionisio_matias@portugalmail.pt
direccao@ambulancias.com.pt
direccao@clinicabral.pt
direccao@dataplus.pt
direccao@epft.pt
director_geral@quiterios.pt
dirfin@netcabo.pt
disciplina@fpb.pt
discovery.caf@clix.pt
dismael@netcabo.pt
dissel@mail.pt
dissocal@sapo.pt
ditadu@iol.pt
divermestre@sapo.pt
divinalgest@oniduo.pt
divinalgest@sapo.pt
divulgar@clinicaimplantologia.pt
divulgar@egitanamusical.pt
djlo@sapo.pt
djrenie@portugalmail.pt
dkjt@sapo.pt
dleal@levelsoft.pt
dmaabreu@iol.pt
dmatos@eddil.pt
dmc1@sapo.pt
dmcerdeira@netcabo.pt
dmcventura@netcabo.pt
dmelo@iscac.pt
dmforja@mail.telepac.pt
dmmonteiro@iol.pt
dmvf@netcabo.pt
dnascimento@sapo.pt
dni.dgi@milleniumbcp.pt
dni.dgi@millenniumbcp.pt
dnribeiro@iol.pt
dnunoaraujo@portugalmail.pt
doantonio@sapo.pt
doavesso@sapo.pt
dobless@sapo.pt
docareal@sapo.pt
docealto@docealto.pt
docelita@clix.pt
doctor82@live.com.pt
dofatis@sapo.pt
dofin@iol.pt
dolar@clix.pt
dolcecasa@clix.pt
doloresferreira@netcabo.pt
dom_vaz@clix.pt
domcar@iol.pt
domdigital@sapo.pt
domfernando@sapo.pt
domielectric@aeiou.pt
domingos.braga@clix.pt
domingos.brito@mail.telepac.pt
domingos.jr@netcabo.pt
domingos.nunes@sapo.pt
domingos.robalo@lisnave.pt
domingos_valente@sapo.pt
domingosaldeias@sapo.pt
domingosjoliveira@sapo.pt
domingosmlmachado@clix.pt
domingosrita@apo.pt
domingosrita@sapo.pt
domingues.carneirolda@clix.pt
dominik@iol.pt
dominio.lda@clix.pt
dominio.lda_@clix.pt
dominio.turbo@clix.pt
dominio@clix.pt
dominique.rosa@climaespaco.pt
dommiguel@sapo.pt
domuscare@sapo.pt
domusmagistral@netcabo.pt
domusmatrix@sapo.pt
domusnostrum@sapo.pt
donuri@iol.pt
doraalves@portugalmail.pt
dorabicho@netcabo.pt
doracanena@iol.pt
doraduarte@netcabo.pt
dorafernandes2@sapo.pt
dorags@sapo.pt
doramatos@netcabo.pt
dorasalgado@sapo.pt
dordio@netc.pt
doresalmeida@live.com.pt
doresfonseca@netcabo.pt
douglas@mail.telepac.pt
dougpinto@netcabo.pt
dourotirtransportes@sapo.pt
doutordr@sapo.pt
dp@netvisao.pt
dp@uma.pt
dpcarreira@sapo.pt
dpf@sapo.pt
dpf5@clix.pt
dpmsul@grupoipg.pt
dpratas@netcabo.pt
dqueiroz@clix.pt
dquixote@live.com.pt
dr.house@kanguru.pt
dr.pavimento@iol.pt
dr.rogerio.barroso@sapo.pt
dr.sofiaesteves@sapo.pt
dra.raquelfigueiredo@sapo.pt
dra_veracosta@sapo.pt
dragao24@sapo.pt
dragon500@iol.pt
drahelena.pinho@iol.pt
dranas@sapo.pt
dre.rosa@portugalmail.pt
dreamsgourmet@sapo.pt
drexsantos@netcabo.pt
drika85@live.com.pt
drkslash@netcabo.pt
drlu@kanguru.pt
drm1945@sapo.pt
drmlac@clix.pt
drodrigues@ldc.pt
drogaria@drogariaestadio.pt
dropsnazare@mail.telepac.pt
drosales@iol.pt
dryas@dryas.pt
dsantos@gdp.pt
dsilvasoares@sapo.pt
dsmarques@cp.pt
dualcondominios@mail.telepac.pt
duaret.g@ggglobal.com.pt
duarete.g@ggglobal.com.pt
duarte.cardoso@aktion.pt
duarte.diniz@netc.pt
duarte@floatminds.pt
duarte24@portugalmail.pt
duartefigueiroa@sapo.pt
duartelu@sapo.pt
duartemartins@megamail.pt
duartematias@sapo.pt
duarteneves@netcabo.pt
duartepr@portugalmail.pt
duartes@live.com.pt
duartetomar@sapo.pt
duartevitoriano@oninet.pt
duca.agua@iol.pt
ducati916@netvisao.pt
ducilia.marcelino@sapo.pt
duffy_duck@portugalmail.pt
duiliotrindade@iol.pt
dulce.bastos@rotamex.pt
dulce.gomes@mediainsight.pt
dulce.lisboa@netcabo.pt
dulce.rosa@iol.pt
dulce.silva@portugalglobal.pt
dulcebiz@sapo.pt
dulcegea@icep.pt
dulcehortareis@sapo.pt
dulcembmonteiro@sapo.pt
dulcereis@sapo.pt
dulcesilva@iol.pt
dulcetorrado@mbc.com.pt
dumal@iol.pt
dupla.valia@sapo.pt
duplasolucao@iol.pt
duquepedro@sapo.pt
duraesrosa@sapo.pt
dvarandas@clix.pt
dvasconcelos@esev.ipv.pt
dvdmar@aeiou.pt
dveloso@singesco.pt
e3scomercial@e3s.pt
ea_rego@iol.pt
eabade@sapo.pt
eaesc@live.com.pt
eag@netcabo.pt
ealbuquerque@por.ulusiada.pt
ealmeida@labesfal.pt
easynutri@sapo.pt
eban@eban.pt
ebastos@mail.telepac.pt
ebay@ortopediamais.pt
ec.olhoazul@iol.pt
ec0574@ctt.pt
ec18350@portugalmail.pt
ecaferreira@sapo.pt
ecalfaiate@cp.pt
ecalfaiate@netcabo.pt
ecc2121@netc.pt
ecfsilva@iol.pt
ecg_mariana@sapo.pt
ecileneribeiro@sapo.pt
ecim.condominio@mail.telepac.pt
ecipriano@mid.pt
ecl@sapo.pt
ecomater@sapo.pt
ecotaxa21@sapo.pt
ecportuguesa@netcabo.pt
ecunha@tvtel.pt
ed_al@netcabo.pt
ed_almeida26@iol.pt
ed_miratejo@clix.pt
edas@netcabo.pt
eddie.alves@netcabo.pt
eddyafrica@sapo.pt
eden.casaderepouso@sapo.pt
ederlindo.germano@netvisao.pt
edgar.quaresma@contactopositivo.pt
edgar.rafael@iol.pt
edgard@serviplus.pt
edgarlopes@netvisao.pt
edgarpinheiro@vodafone.pt
edgarramalho@netvisao.pt
edgarramalho@sapo.pt
edgarvideira@mail.telepac.pt
edias@sapo.pt
edificlass@sapo.pt
edisan@mail.pt
edite_oliveira@aeiou.pt
editealexandre@youngnetwork.pt
editec@sapo.pt
editepac@sapo.pt
editorialhelver@sapo.pt
edjorge@sapo.pt
edmartin@clix.pt
edmundocostagaspar@sapo.pt
edu.jts@iol.pt
edu_pinheiro@sapo.pt
eduarda.alves@iol.pt
eduardamaria@presidencia.pt
eduardaveloso@net.sapo.pt
eduardo.areosa@clinicahelenasimoes.pt
eduardo.b.pires@netc.pt
eduardo.borges@sakthiportugal.pt
eduardo.braga@clix.pt
eduardo.brites@bacternova.pt
eduardo.caetano@zmail.pt
eduardo.casimiro@scml.pt
eduardo.d.dantas@clix.pt
eduardo.farias@assisprotech.com.pt
eduardo.henriques@dds.pt
eduardo.milheiro@oninet.pt
eduardo.reis@alert.pt
eduardo.ribeiro@sapo.pt
eduardo.silva@acp.pt
eduardo.silva@tecnovia.pt
eduardo.silva1@netcabo.pt
eduardo.stock@tranquilidade.pt
eduardo@eurocontavel.pt
eduardo@futurdata.pt
eduardo@mtff.pt
eduardo@sapo.pt
eduardo@zmail.pt
eduardo72@megamail.pt
eduardoamor@live.com.pt
eduardoazevedo@iol.pt
eduardodiz@oninet.pt
eduardofcruz@sapo.pt
eduardoferreiramelo@sapo.pt
eduardogomes.condominios@sapo.pt
eduardomc@iol.pt
eduardonobrenunes@sapo.pt
eduardopedrogomes@sapo.pt
eduardopmarques@sapo.pt
eduarlui@netvisao.pt
educacaoana@sapo.pt
educares@educares.com.pt
educunha@netcabo.pt
edumendes@sapo.pt
edumigper@netcabo.pt
edupaiva@iol.pt
edupp@iol.pt
edusilva@mail.telepac.pt
ee92139@fe.up.pt
eealmeida@sapo.pt
ef.mendes@sapo.pt
efbaptista@iol.pt
efeitoplacebo@sapo.pt
efialho@tap.pt
efigueiredo@amb.estv.ipv.pt
efpereir@fc.up.pt
ega@sapo.pt
egicondominios@netvisao.pt
egsilva01@mail.pt
egsousa@iol.pt
ehgdacosta@sapo.pt
ej.simoes@netcabo.pt
ejamaximo@sapo.pt
ejc.abrantes@clix.pt
ejesus@cienciaviva.pt
ejmota@sonae.pt
ejoga@sapo.pt
ejpaulo@sapo.pt
ejpinto@net.sapo.pt
ejramos@sapo.pt
ejsescada@netvisao.pt
ejssoft@netcabo.pt
el_luisito@sapo.pt
el_portuga@iol.pt
elderbarros@iol.pt
elecasso@mail.telepac.pt
electricar@netcabo.pt
electricidade@orbirecurso.pt
electro.ferreira@iol.pt
electro.planicie@iol.pt
electro_cardoso@sapo.pt
electroalbino@sapo.pt
electroconsul@netcabo.pt
electrofluido@mail.telepac.pt
electrogas@electrogas.pt
electrogermano@sapo.pt
electronicmail@sapo.pt
electrovale@electrovale.pt
electrovaletamega@sapo.pt
elevadores@segurelev.pt
elevecom@kanguru.pt
eli.83@live.com.pt
eli.santos@sapo.pt
eli.varino@sapo.pt
elialexa@netvisao.pt
eliana.azevedo@sapo.pt
eliana.geraldes@mail.telepac.pt
eliana.vieira@mail.pt
elianamaral@net.sapo.pt
elias.cunha@iol.pt
elias.silva@sapo.pt
elibar@sapo.pt
elimaia@iol.pt
elio.lda@netvisao.pt
elio_oliveira@oninet.pt
eliomendes@sapo.pt
elisa.chainho@sapo.pt
elisa.jeronimo@clix.pt
elisabete.cabrita@ine.pt
elisabete.del@iol.pt
elisabete.feitoria@clix.pt
elisabete.lopes@vaubelo.pt
elisabete.lopes@vaulabor.pt
elisabete.peixoto@ext.allianz.pt
elisabete.peixoto@sapo.pt
elisabete.pereira@sicaprep.pt
elisabete.santos.socometal@soaresdacosta.pt
elisabete@estilus.pt
elisabete_t@netcabo.pt
elisabeteconde@sapo.pt
elisabetecorreia@iol.pt
elisabetecosta2@sapo.pt
elisabetemerca@estc.ipl.pt
elisabeterente@controsol.pt
elisabeteteodoro@sapo.pt
elisamariapereira@iol.pt
elisaulo@sapo.pt
elisiomelo@clix.pt
elite.pt@clix.pt
elitequip@sapo.pt
elizabete.ribeiro@oninet.pt
elizabetemonforte@portugalmail.pt
ellen@alltravel.pt
elmotmatos@netcabo.pt
eloi.rodrigues@iol.pt
eloi@ecologal.pt
eloimachado@oninet.pt
elopes@idom.pt
elos@estal.pt
elpalma@deloitte.pt
elpitoy@iol.pt
elraton@portugalmail.pt
elsa.ccgoncalves@mail.telepac.pt
elsa.conceicao@hzp.pt
elsa.costa@setec.pt
elsa.godinho@clix.pt
elsa.reis.marques@netcabo.pt
elsa.saojoao@sapo.pt
elsa_caetano@netcabo.pt
elsa_ferreira_77@sapo.pt
elsa_oliveira@sapo.pt
elsa_vala@live.com.pt
elsa2santos@sapo.pt
elsafaia@sapo.pt
elsafreitas@portugalmail.pt
elsafurtado@sapo.pt
elsagomes@repetel.pt
elsamsa@live.com.pt
elsaneves@sapo.pt
elsantunes@live.com.pt
elsarosmaninho@net.sapo.pt
elsas@sapo.pt
elsasantoscosta@netcabo.pt
elvas@ldc.pt
ema.mira@triquimica.pt
emafonso1@iol.pt
emaia@megamail.pt
email@bigchain.pt
email_nuno@clix.pt
emais@emais.pt
emaneves@sapo.pt
emanso@mail.telepac.pt
emanuel.vidal@gep.mtss.gov.pt
emanuel_fonseca@iol.pt
emanuel_liberio@netcabo.pt
emanuelamoura@iol.pt
emanuelbarbosa1@sapo.pt
emanuelcoelho1@clix.pt
emanuelgarcia@sapo.pt
emanuelvital@clix.pt
emaula@iol.pt
emcarmo@netcabo.pt
emco.manutencao@sapo.pt
emidio_manuel@netcabo.pt
emiguel@vodafone.pt
emilia.meireles@meilex.pt
emilia.romao@sapo.pt
emilia.tinoco@tinoco.pt
emiliabasto@sapo.pt
emiliacardoso@simplesnet.pt
emiliactinoco@sapo.pt
eml@netcabo.pt
emncarvalho@netvisao.pt
emofski@sapo.pt
emoreira@mail.esmae.ipp.pt
emoura1@sapo.pt
empc62@sapo.pt
empidraulica@sapo.pt
empolis@portugalmail.pt
empricomum@sapo.pt
emur@netcabo.pt
enahora@netcabo.pt
encomendas@citygourmet.pt
endormoon@netcabo.pt
endosul@sapo.pt
enerfoco@sapo.pt
energautec@net.vodafone.pt
energia@ccbs.pt
energia@vensol.pt
energypower@sapo.pt
enesalves@sapo.pt
eneves@emerema.pt
eneves4@sapo.pt
enf.luismatos@sapo.pt
enfcarlosferreira@netc.pt
enfcosta@portugalmail.pt
eng_cabral@sapo.pt
engendra@sapo.pt
engenheiroelino@sapo.pt
engenheirofraguas@sapo.pt
engidifica@clix.pt
engomadariadoave@iol.pt
engomadoria_ana@sapo.pt
engretorp@clix.pt
enigmaseducativos@sapo.pt
enigwa@iol.pt
enio.gaspar@netcabo.pt
enjoyhome@netcabo.pt
enjoyr_freitas@netcabo.pt
enrikesana@netc.pt
enrique@clix.pt
ensousa@netcabo.pt
entraspas@iol.pt
entroncamentos@mail.pt
enunes@lnec.pt
eocs@clix.pt
eoliveira@fundbox.pt
ep@mail.cesae.pt
epaces@mail.telepac.pt
epbs@clix.pt
epferreira@sapo.pt
epingeral@net.novis.pt
epnsilva@netcabo.pt
epombomartins@netcabo.pt
eprom@eprom.com.pt
equipalmei@live.com.pt
equipojardim@equipojardim.pt
er.advogada@sapo.pt
erabacal_condominios@sapo.pt
ercilia_mota@clix.pt
erebelo.elis@spast.pt
eric.dobler@iol.pt
ermesinde@recitoner.pt
ermida_junior@iol.pt
ernest@vodafone.pt
ernesto.al@netcabo.pt
ernesto_jesus_costa@sapo.pt
ernestoanjos@sapo.pt
ernestocarneiro@iol.pt
ernestofsilva@sapo.pt
erocha@fiveq.pt
erodrigues@indracpc.pt
erodrigues@uep.pt
eruiteixeira@sapo.pt
esa@esear.pt
esantos@ua.pt
escapesdasdevesas@tvtel.pt
escola.carmona@clix.pt
escolas@turismodeportugal.pt
escongest@mail.telepac.pt
escorpiao87@netcabo.pt
escritorio.grafica@sapo.pt
escritorio@discotecajuvenil.pt
escritosdispersos@sapo.pt
esecondi@clix.pt
esme@iol.pt
esmera231171@sapo.pt
esmeralda.fernandes@dgge.pt
esmeralda.tavares@lfp.pt
esmeraldaalbino@sapo.pt
esousacosta@sapo.pt
esp.servi@clix.pt
espaco.verde@iol.pt
espacoribatejo@sapo.pt
espacorion@clix.pt
espadaudo@sapo.pt
esperanca2002@netcabo.pt
espirito_do_mar@sapo.pt
espiritosantomatos@sapo.pt
espm@sapo.pt
ess@ip.pt
estarbem.sad.aveiro@iol.pt
estarreja@escolasjoaodeus.pt
estebanix@clix.pt
estebro@estebro.pt
ester.campos@sapo.pt
ester.lucas@ine.pt
estevaopape@sapo.pt
esteves.almeida@sapo.pt
esteves.carvalho@sapo.pt
estevesesteves@sapo.pt
estevez@netcabo.pt
estojoforma@oniduo.pt
estores.paraimo@sapo.pt
estores.pintura@netvisao.pt
estoril@ldc.pt
estorilestudio@netcabo.pt
estrelafaro@autosertorio.pt
estudar.com@clix.pt
estudio87@netvisao.pt
estudioge@estudioge.pt
etancheite@sapo.pt
etavares@zmail.pt
etecetera@sapo.pt
etelvinaalmeida@netcabo.pt
etelvinafalcato@mail.telepac.pt
etis.portugal@sapo.pt
etome@portugalmail.pt
etxebarria@clix.pt
eualguem@sapo.pt
eugenia@iol.pt
eugenia_fernandes@clix.pt
eugenio.almeida@netcabo.pt
eugenio.loro@sapo.pt
eugeniomelo@netcabo.pt
eugsantos@iol.pt
euisabel@sapo.pt
eulalia.goncalves@portugalmail.pt
eulalia@eeg.uminho.pt
eunice@lenice.com.pt
eunice_teixeira@sapo.pt
eunicelourenco@iol.pt
euolivei@netvisao.pt
eureka.cont@mail.telepac.pt
eurico.santos@netvisao.pt
euricojosealves@iol.pt
euriko@iol.pt
eurisil@sapo.pt
euroalarmes@bragatel.pt
euroalarmes@clix.pt
euroasp@sapo.pt
eurobusinesscenter@sapo.pt
eurocomponentes@eurocomponentes.pt
eurofix@eurofix.pt
eurorefract@sapo.pt
euroseguros@netvisao.pt
euskaditir@sapo.pt
eusvar@sapo.pt
eutbteamo@iol.pt
euveo@euveo.pt
eva.f.silva@cttexpresso.pt
eva_cunha@sapo.pt
evajorge@iol.pt
evajs@sapo.pt
eventhorizon@clix.pt
eventos@funnyparty.com.pt
eventos@papatudo.pt
everblue@tvtel.pt
evilasboas@sapo.pt
evilfx@sapo.pt
evora@ldc.pt
evoracond@mail.pt
evorapoc@netvisao.pt
evsul@sapo.pt
ex_orient_lux@netvisao.pt
exigest@mail.net4b.pt
expandimac@sapo.pt
expo@ldc.pt
expoliveira@net.novis.pt
exponorte@ldc.pt
expresscondominios@sapo.pt
extel@sapo.pt
extensus@sapo.pt
extinfel@sapo.pt
eyelid.pt@gmail.com
eyelids.pt@gmail.com
ezequiel.nunes@oniduo.pt
f_cm@sapo.pt
f_denunes@clix.pt
f_p_brandao@sapo.pt
f_ramalho@netcabo.pt
f_trindade@clix.pt
f28@netcabo.pt
fa_engiciclo@net.sapo.pt
fabianodepaula@indoorvias.pt
fabienne@sapo.pt
fabio.alves@gowork.pt
fabio.poeiras@clix.pt
fabio.rodrigues@risan.pt
fabio.santos1990@live.com.pt
fabio_neto@sapo.pt
fabio_penedo@netcabo.pt
fabio_rmatos@iol.pt
fabiodacosta@netcabo.pt
fabiofm@netvisao.pt
fabiorodrigues0@clix.pt
fabn@oninet.pt
fabor@fabor.pt
fabrica@veleiro.pt
fabriciogomes@netcabo.pt
fac1@portugalmail.pt
face.impar@clix.pt
facecamo@sapo.pt
facsantos@portugalmail.pt
faderman@mail.telepac.pt
fadriano@aeiou.pt
fadss@sapo.pt
faf@mail.telepac.pt
fafa@webmail.aeiou.pt
fag@esac.pt
faggc@sapo.pt
faininha73@live.com.pt
fake.tonio@clix.pt
falarclaro2009@live.com.pt
falcan@sapo.pt
falcon.lda@netvisao.pt
falcon@webcolinas.pt
falecelia@sapo.pt
falenandin@falenandin.pt
falmoreira@vizzavi.pt
fam_mariana@netcabo.pt
famaro@sapo.pt
famcastro@zon.pt
famidoce@iol.pt
familia.agapito@sapo.pt
familia.plateia@netvisao.pt
familia_dosreis@sapo.pt
familiacarvalho@netcabo.pt
familiamarinho@iol.pt
famota@clix.pt
faneca.alhandra@sapo.pt
fangelino@netcabo.pt
fangorn@netcabo.pt
fannyalves@live.com.pt
fantasio@portugalmail.pt
fap.2006@sapo.pt
farelomartins@netcabo.pt
farmacia.casal.mira@mail.telepac.pt
farmacia@almeidagoncalves.pt
farmaciamartins@netcabo.pt
farmaciavales@sapo.pt
farmdl@live.com.pt
faro@ldc.pt
faro_doce@sapo.pt
farosaobras@era.pt
farpinto@sapo.pt
farruska@netcabo.pt
fasa54@sapo.pt
fasgarcia@iol.pt
fastlimport@netcabo.pt
fastlook@sapo.pt
fastrider@sapo.pt
fat.alm@sapo.pt
fat24@mail.telepac.pt
fatima.a.soares@sapo.pt
fatima.baptista@vizzavi.pt
fatima.barbosa@peeti.idict.gov.pt
fatima.belo@tmn.pt
fatima.bernardo@iol.pt
fatima.carvalho@celeirodamemoria.pt
fatima.carvalho@feelnatural.pt
fatima.custodio@netcabo.pt
fatima.farinha@publico.pt
fatima.j.matias@telecom.pt
fatima.junqueira@avetel.pt
fatima.lopesrego@clix.pt
fatima.machado@netcabo.pt
fatima.marreca@mail.ipc.pt
fatima.ventura@euroexpansao.pt
fatima.vicente@netcabo.pt
fatima@dominal.pt
fatima@icecool.pt
fatima@tondelar.pt
fatima_monteiro@aeiou.pt
fatima_monteiro50@sapo.pt
fatima_olim@sapo.pt
fatimaaraujo@netc.pt
fatimabelinho@live.com.pt
fatimacarvalho2@sapo.pt
fatimadelfim@sapo.pt
fatimadouwens@sapo.pt
fatimafeio@mail.telepac.pt
fatimafeliciano@iol.pt
fatimalisboa@sapo.pt
fatimapereira@kpf.pt
fatimarocha66@sapo.pt
fatimasecundino@netcabo.pt
fatimavalentim@sapo.pt
fatimaviterbo@sapo.pt
fatimita@sapo.pt
fatiuska@sapo.pt
fatyima@live.com.pt
faustinor@iol.pt
fausto.portugal@sapo.pt
favasauto@sapo.pt
favila@armail.pt
fazprojet@net.sapo.pt
fbalmeida@netcabo.pt
fbaraka@clix.pt
fbarbosa@sarcol.pt
fbarrela@netcabo.pt
fbasto@sapo.pt
fbettencourt@sapo.pt
fbragadesto@sapo.pt
fbs@netcabo.pt
fbsb.condominio@net.sapo.pt
fbtt2006@sapo.pt
fc@uevora.pt
fc_91@clix.pt
fcabrita@iol.pt
fcaf@iol.pt
fcaldeireiro@iol.pt
fcarlosd@mail.netvisao.pt
fcarlosr@netvisao.pt
fcatarina@net.sapo.pt
fcavaco@medipom.pt
fcc_admcondominios@aeiou.pt
fccserra@netcabo.pt
fcg76@clix.pt
fcosta@betonit.pt
fcosta@luxmagna.pt
fcosta@mop.pt
fcp.campeao@sapo.pt
fcpbicho@netcabo.pt
fcsantos@mail.telepac.pt
fdaniel007@sapo.pt
fdanielf@sapo.pt
fdfialho@sapo.pt
fdinis@netcabo.pt
fdiogo.gouveia@netcabo.pt
fdisk@netcabo.pt
fdouwens@tp.telepac.pt
fduarteribeiro@netcabo.pt
feedback@myway.pt
fegp@sapo.pt
feijo@ldc.pt
felfiscondominios@sapo.pt
felice1@sapo.pt
feliciano.costa@interkiosk.pt
feliciano.costa@sapo.pt
feliciano@ist.utl.pt
felicianofern@netcabo.pt
felicio.silva@live.com.pt
felicissimo@netvisao.pt
felis_rufus@vodafone.pt
felisbelavieira@sapo.pt
felix.catarina@netcabo.pt
felix@doblotec.pt
fellerrolland@sapo.pt
fellix@xekmail.pt
felmag@sapo.pt
felpedras@iol.pt
fengshui1@sapo.pt
feosilva@iol.pt
fep123@mail.pt
fer.barreto@sapo.pt
fer.coelho@sapo.pt
ferandrade@sapo.pt
ferandrak@sapo.pt
ferbricos@netc.pt
fercampos@netcabo.pt
fercarvalho@net.novis.pt
ferfil@netcabo.pt
fergra@sapo.pt
fergrafica@fergrafica.cp.pt
ferguife@sapo.pt
ferjoda.goncalves@clix.pt
ferlcunha@netcabo.pt
fermeida@netvisao.pt
fermitao@sapo.pt
fermonte@netcabo.pt
fern.lima@sapo.pt
fernanda.duarte@oninet.pt
fernanda.ferreira@netvisao.pt
fernanda.fonseca@gestivel.pt
fernanda.marques@nfsi.pt
fernanda.nogueira@vodafone.pt
fernanda.pinto@portucel.pt
fernanda.reis@portugalmail.pt
fernanda.silva1@netcabo.pt
fernanda@mafil.pt
fernanda2000@sapo.pt
fernandabernardino@sapo.pt
fernandacorreia@mail.telepac.pt
fernandamcarmo@sapo.pt
fernandaslopes@sapo.pt
fernandes.luis@netcabo.pt
fernandes.mlc@mail.exercito.pt
fernandes.moderno@mail.telepac.pt
fernandes.veloso@sapo.pt
fernandes340@clix.pt
fernandesanibal@sapo.pt
fernandesesteves@clix.pt
fernandessandra@clix.pt
fernandj@live.com.pt
fernando.a.lopes@iol.pt
fernando.a.oliveira@iol.pt
fernando.abreu@grafopel.pt
fernando.abreu@rtp.pt
fernando.alves66@sapo.pt
fernando.bras@netcabo.pt
fernando.caeiro@sapo.pt
fernando.carrera@sapo.pt
fernando.contafidoc@clix.pt
fernando.cordeiro@esg.ipsantarem.pt
fernando.costa@anitex.pt
fernando.costa2@autoeuropa.pt
fernando.courela@clix.pt
fernando.david@portugalmail.pt
fernando.diuarte@bis.pt
fernando.garcaosilva@millennium.pt
fernando.garcia@sapo.pt
fernando.goncalves@cppe.edp.pt
fernando.gouveia@tvtel.pt
fernando.jgoncalves@sapo.pt
fernando.lemos@live.com.pt
fernando.limao@netcabo.pt
fernando.marcal@netcabo.pt
fernando.martim@netcabo.pt
fernando.mendes@cimertex.pt
fernando.miguel@sapo.pt
fernando.nicolau@sapo.pt
fernando.nunes.7@netvisao.pt
fernando.pacheco@edifer.pt
fernando.pais@corp.vodafone.pt
fernando.paiva@dn.pt
fernando.pecas@sapo.pt
fernando.pereira@alcatel.pt
fernando.pereira@clix.pt
fernando.pessoa@arval.pt
fernando.rocha@rtp.pt
fernando.rodrigues@cherpe.pt
fernando.rodrigues@intervisa.pt
fernando.santana@ip.pt
fernando.seguros@novis.net.pt
fernando.silva@openquest.pt
fernando.simoes@oninet.pt
fernando.soaresrodrigues@millenniumbcp.pt
fernando.varela@sapo.pt
fernando.vieira@sapo.pt
fernando.xavier@mail.pt
fernando@rcg.pt
fernando_desiderio@sapo.pt
fernando_flores@iol.pt
fernando_pocas@sapo.pt
fernando_s_ribeiro@sapo.pt
fernando_vilas@sapo.pt
fernando2@mail.pt
fernandoalamo@clix.pt
fernandoalgarve@sapo.pt
fernandoalves.pt@gmail.com
fernandoamorais@sapo.pt
fernandobaleiras@sapo.pt
fernandobernard@iol.pt
fernandobraga@sapo.pt
fernandobraganca@sapo.pt
fernandocarregal@aeiou.pt
fernandocorveira@sapo.pt
fernandocosta@iol.pt
fernandocouto12@netcabo.pt
fernandofirmino@sapo.pt
fernandofonseca@avpacense.pt
fernandogalego@climaespaco.pt
fernandogarciafreire@sapo.pt
fernandogomes@sapo.pt
fernandojoao@net.sapo.pt
fernandojraraujo@sapo.pt
fernandojsantos@netcabo.pt
fernandojss@clix.pt
fernandojusto@neuce.pt
fernandok@sapo.pt
fernandolobo@oninet.pt
fernandomac@sapo.pt
fernandomadeira@sapo.pt
fernandoman.couto2@sapo.pt
fernandomelo@sapo.pt
fernandomonogueira@sapo.pt
fernandomrmar@netcabo.pt
fernandoms@tvtel.pt
fernandomsgomes@hotmail.pt
fernandomurta@sapo.pt
fernandomvasconcelos@sapo.pt
fernandomviana@sapo.pt
fernandopneves@netcabo.pt
fernandoramos@netvisao.pt
fernandoregufe@oniduo.pt
fernandorosa.lda@sapo.pt
fernandosimoes@netvisao.pt
fernandosoares@sapo.pt
fernandossimoes@clix.pt
fernandoteixeira@vodafone.pt
fernmann@netvisao.pt
fernor@iol.pt
ferodrigues@netcabo.pt
ferpial@sapo.pt
ferradosa@iol.pt
ferradosa@quintadaferradosa.pt
ferragsil@ferragsil.pt
ferreira.cruz@kanguru.pt
ferreira.da.silva@sapo.pt
ferreira.goncalves@marinha.pt
ferreira.pedro@kanguru.pt
ferreira2208@sapo.pt
ferreira88@mail.pt
ferreira94@sapo.pt
ferreiradeoliveira@tvtel.pt
ferreiraernesto@netc.pt
ferreirapedro72@clix.pt
ferreirasantos@netcabo.pt
ferro.gomes@sapo.pt
ferropaula@sapo.pt
ferrosindustria@sapo.pt
ferrowitt@sapo.pt
fersacarneiro@netcabo.pt
fertor946@netcabo.pt
fescudeiro@netcabo.pt
festaecompanhia@netcabo.pt
feteirapimenta@clix.pt
fexposto@ribakato.pt
ffaria@digitalshop.pt
ffatima.braga@sapo.pt
ffborges@sapo.pt
fferreira@ldc.pt
ffgaspar@sapo.pt
ffmiranda@netcabo.pt
ffortunacampos@netvisao.pt
ffpcorreia@creditoagricola.pt
ffpedrosa@sapo.pt
ffpst_susana@clilx.pt
ffrias30@sapo.pt
fgameiro@netcabo.pt
fgarim@iol.pt
fgdx2@netcabo.pt
fgfm@clix.pt
fglamp@sapo.pt
fgmarques@netcabo.pt
fgomez@netcabo.pt
fh@portugalmail.pt
fherdeiro@netcabo.pt
fhermano@sapo.pt
fhmoura@clix.pt
fhsmarques@netcabo.pt
fiadeiro@netcabo.pt
fialcaol@iol.pt
fialho.guerreiro@edp.pt
fialhomtj@portugalmail.pt
fiango@portugalmail.pt
fic@fcee.ucp.pt
ficabike@sapo.pt
fidel.castro@iol.pt
fidelis1@sapo.pt
figment@sapo.pt
figueira_ricardo@iol.pt
figueiradafoz@ldc.pt
figueiradafoz@pingusenglish.pt
figueiredo.clara@sapo.pt
figueiredo.daniella@sapo.pt
figueiredo@cacicambra.pt
figueiredo@dauti.pt
figueiredo7@sapo.pt
figueiredomario@portugalmail.pt
figueiredomota@netcabo.pt
figueiredopaulo@iol.pt
figueirix@netcabo.pt
fil.araujo@sapo.pt
filcastre4e4a@sapo.pt
fildor@netcabo.pt
filfotodigital@iol.pt
filial.lisboa@lusilectra.pt
filipa.alves@iol.pt
filipa.antunes@iol.pt
filipa.costa@vedior.pt
filipa.coutinho@i4.com.pt
filipa.duarte@iol.pt
filipa.gaspar@netcabo.pt
filipa.leao.pt@barclays.com
filipa.m.rosa@telecom.pt
filipa.mateus@cdelaranjeiras.pt
filipa.mendes@nbp.pt
filipa.mendes@netcabo.pt
filipa.quintino@iol.pt
filipa.r.mendes@ctt.pt
filipa.sb@clix.pt
filipa.val@iol.pt
filipa.vasconcelos.ext@lis1.siemens.pt
filipa@autor.pt
filipa_friaes@live.com.pt
filipa_teixeira25@portugalmail.pt
filipacaridade@sapo.pt
filipacunha@net.sapo.pt
filipagesto@netcabo.pt
filipajorge@ldc.pt
filipaloureiro@netcabo.pt
filipamenezes1@sapo.pt
filipaminau@iol.pt
filipaneves@netcabo.pt
filipaportugal@sapo.pt
filipasalome@sapo.pt
filipasaojose@netcabo.pt
filipe.amorim@ptws.pt
filipe.araujo@araujomesquita.pt
filipe.azevedo@caduti.pt
filipe.azevedo@syone.pt
filipe.cabral@sapo.pt
filipe.carlos@netcabo.pt
filipe.correia@sotecnisol.pt
filipe.costa@vercasa.pt
filipe.custodio@sapo.pt
filipe.franca@netcabo.pt
filipe.garcia@mail.netcabo.pt
filipe.j.marques@telecom.pt
filipe.joao@iol.pt
filipe.junior@netvisao.pt
filipe.magalhaes@segundograu.pt
filipe.malheiro@netcabo.pt
filipe.marto@ulusofona.pt
filipe.melo@resitejo.pt
filipe.paulino@condominium.pt
filipe.pereira@windbyinternet.pt
filipe.queijo@iol.pt
filipe.quintino@netvisao.pt
filipe.rodrigues@nucase.pt
filipe.rosa@bbva.pt
filipe.silva@fafstone.pt
filipe.silva@l2spirit.pt
filipe.varanda@sapo.pt
filipe.vilela@iol.pt
filipe@gecave.pt
filipe_a@netcabo.pt
filipe_andrade@oninet.pt
filipe_araujo@iol.pt
filipe_bsousa@netcabo.pt
filipe_fs@sapo.pt
filipe_jpf@netcabo.pt
filipe_otao@sapo.pt
filipe_placido@sapo.pt
filipe_silva@sapo.pt
filipe_tn@clix.pt
filipe7@sapo.pt
filipeafsilva@iol.pt
filipeams@mail.telepac.pt
filipeanjosfrias@sapo.pt
filipeavila@sapo.pt
filipebonina@iol.pt
filipecapela@portugalmail.pt
filipechias@iol.pt
filipeg@mail.telepac.pt
filipeguedes.r@zmail.pt
filipejesus1986@sapo.pt
filipemail@sapo.pt
filipemlpereira@netcabo.pt
filiper@fe.up.pt
filiperibeiro@netcabo.pt
filiperocha08@sapo.pt
filiperoger1@sapo.pt
filipesilvasantos@sapo.pt
filipeventur@sapo.pt
filmonteiro@netvisao.pt
filofreixo@sapo.pt
filomais@sapo.pt
filomen@portugalmail.pt
filomena.henriques@aip.pt
filomena.magalhaes@dividim.pt
filomena.paula.pereira@sapo.pt
filomena.paulino@metrolisboa.pt
filomena.rosa@epul.pt
filomena_vieira@sapo.pt
filomenacorreia@sapo.pt
filomenapascoal@iol.pt
filomenaroque@portugalmail.pt
filosmena_1953@sapo.pt
filpuma@iol.pt
filtracom@netcabo.pt
fimaloro@netcabo.pt
financeira@electricol.pt
financeira@pessoasesistemas.pt
finch@netc.pt
fineok@sapo.pt
fing@clix.pt
fiorentiana@iol.pt
fip@sapo.pt
firmino.victor@sapo.pt
firmino@lusifiba.pt
fiscal.linha@iol.pt
fiscalhouse@fiscalhouse.pt
fiscontabil@sapo.pt
fisiomais@live.com.pt
fix26@fix26.pt
fixchaveiro@aeiou.pt
fjcampos@netcabo.pt
fjfcardoso@iol.pt
fjfigueiredo@netcabo.pt
fjfp@netc.pt
fjfp@sapo.pt
fjlacerda@sapo.pt
fjln@sapo.pt
fjlribeiro@clix.pt
fjmcoelho@sapo.pt
fjmfaro@portugalmail.pt
fjmp@sapo.pt
fjmp2@sapo.pt
fjoni1@sapo.pt
fjorgecosta@iol.pt
fjp_fonseca@netcabo.pt
fjpc@live.com.pt
fjrbarbosa@sapo.pt
fjrfernandes@portugalmail.pt
fjrlopes@iol.pt
fjrlopes@netcabo.pt
fjsv@uevora.pt
flabreu@netcabo.pt
flame@iol.pt
flamino@iol.pt
flavia@nata.pt
flavia_xavier@iol.pt
flavilimpa.limpezas@sapo.pt
flavio.pais@netcabo.pt
flavio.reis@oniduo.pt
flavio@digicomp.pt
flaviovilar@iol.pt
flipv@iol.pt
flomasa@sapo.pt
flopes@alucentrex.pt
flopes@culturporto.pt
flor.mar@sapo.pt
flora_santos@sapo.pt
florbela.moreira@sapo.pt
florbelateixeira@iol.pt
flordepano@netcabo.pt
flordepedra@iol.pt
flordonorte@sapo.pt
floresmilheiros@sapo.pt
florespedro@portugalmail.pt
florindo.mateus@sapo.pt
florista.lirios@sapo.pt
fluid@fluid.pt
flv.ca.lda@iol.pt
flyby@netcabo.pt
flymachine@clix.pt
flyra@netc.pt
fm.borges@netcabo.pt
fm.bugalho@netcabo.pt
fm.carvalho@mail.telepac.pt
fm@cnig.pt
fm@megamail.pt
fm1516@clix.pt
fmachado@bragatel.pt
fmailito@tvtel.pt
fmargaride@net.novis.pt
fmaria6@sapo.pt
fmariof@oninet.pt
fmarisa@iol.pt
fmarquesrodrigues@mail.telepac.pt
fmarquesvidal@mail.telepac.pt
fmartins18@netcabo.pt
fmasena@clix.pt
fmazevedo@mail.pt
fmbcb@sapo.pt
fmbras@iol.pt
fmcrebelo@clix.pt
fmelao@aenor.pt
fmfmmarques@clix.pt
fmfpp@clix.pt
fmiguel@zmail.pt
fmiranda@portoeditora.pt
fml@netcabo.pt
fmmferreira@sapo.pt
fmpatricio@sapo.pt
fmpatricio@vodafone.pt
fmpaulo@iol.pt
fmps@megamail.pt
fmregalado@sapo.pt
fnana@netcabo.pt
fnf8@sapo.pt
fnlopes@oniduo.pt
focosonoro@sapo.pt
focvosonoro@sapo.pt
fofylouko@clix.pt
folaio@sapo.pt
folhipetala@sapo.pt
foliveira29@netcabo.pt
fonsecanet@meo.pt
fontescostalda@sapo.pt
fonteval@oninet.pt
foobar.pt@gmail.com
foodinhas@iol.pt
fopca@clix.pt
for@netcabo.pt
fordmustang@live.com.pt
formacao@behaviour.pt
formacedo@sapo.pt
formandum@mail.telepac.pt
formefeitos.atelier@iol.pt
formefeitos.desenho@iol.pt
formefeitos.fabrica@iol.pt
formefeitos@iol.pt
formiga1000@sapo.pt
fornodesamora2@sapo.pt
forteferreira@netcabo.pt
fortessantos@netcabo.pt
fortunato.jose@sapo.pt
fosbernardes@netcabo.pt
foto_mania@sapo.pt
fotocardoso@sapo.pt
fotodias@netvisao.pt
fotogomes01@sapo.pt
fotografiareal@net.sapo.pt
fotomarine@iol.pt
fotonovoolhar@sapo.pt
fotoshop1@netvisao.pt
foztoldos@mail.pt
fpagostinho@iol.pt
fpais@netvisao.pt
fpaulomartins@sapo.pt
fpedrosa@net.sapo.pt
fpfp@megamail.pt
fpg@netcabo.pt
fpimenta@fdr.pt
fpinto@sapo.pt
fproenca@sapo.pt
fquadro@sapo.pt
fquintas@netcabo.pt
fr@itl.pt
fradiqueluis@clix.pt
fragaesoares@sapo.pt
frana@mail.telepac.pt
franbel@netcabo.pt
franc.a.pires@clix.pt
franc.costa@clix.pt
franc.navarro@clix.pt
franc.sousa@sapo.pt
francarlo@sapo.pt
francbruno@netcabo.pt
francisalvador@live.com.pt
francisco.amaral@grupopal.pt
francisco.ana@netcabo.pt
francisco.antunes@tcontas.pt
francisco.caldeira@ifap.pt
francisco.calo@longoplano.pt
francisco.cidre@sapo.pt
francisco.costa@geopoint.pt
francisco.duarte@vodafone.pt
francisco.e.carvalho@telecom.pt
francisco.feio@netcabo.pt
francisco.godinho@ine.pt
francisco.j.saraiva@telecom.pt
francisco.laureano@sapo.pt
francisco.lico@sapo.pt
francisco.m.fragoso@sapo.pt
francisco.marnoto@vizzavi.pt
francisco.parada@ren.pt
francisco.r@imj.pt
francisco.rego@instruel.pt
francisco.rocha1@live.com.pt
francisco.sgodinho@sapo.pt
francisco@datalentejo.pt
francisco@iol.pt
francisco@nata.pt
francisco_gomes_sil@sapo.pt
francisco_mendes@netvisao.pt
franciscobarroso@iol.pt
franciscocosta@live.com.pt
franciscocosta39@sapo.pt
franciscocouto@iol.pt
franciscocraveiro@iol.pt
franciscoduarte@netc.pt
franciscoemrc@sapo.pt
franciscoferreira@netc.pt
franciscogperes@sapo.pt
franciscojvmm@portugalmail.pt
franciscoloule@sapo.pt
franciscoloureiro@netc.pt
franciscomanteiga@sapo.pt
franciscorvalho@netvisao.pt
franciscosa@iol.pt
franciscosantos53@oninet.pt
franciscostacorreia@sapo.pt
franciscovsergio@cunhorustico.pt
francisday@netcabo.pt
franclimferreira@mail.pt
franco.gomes@clix.pt
franco.hugo@netc.pt
franco.hugo1@iol.pt
franco.preto@sapo.pt
franco@dpp.pt
franco1970@netcabo.pt
francond@sapo.pt
francsousa@iol.pt
franduarte@sapo.pt
frankriber@sapo.pt
franmarvao@sapo.pt
franskico@netcabo.pt
frcbweb@sapo.pt
fred.costa@netcabo.pt
fred.matos@portugalmail.pt
fred.teves@sapo.pt
fred_ribeiro@zonmail.pt
frederico.abel@sapo.pt
frederico.alves@millenniumbcp.pt
frederico.martins@sapo.pt
frederico_reis@portugalmail.pt
fredericodias@sapo.pt
fredescada@iol.pt
frednetnorte@sapo.pt
fredos@sapo.pt
fredy_0072004@iol.pt
fredy1@netcabo.pt
fredysj@portugalmail.pt
freguesia.crasto@sapo.pt
freguesia.vspovoa@sapo.pt
freitasdias@sapo.pt
freitasme@alram.pt
freshblue@sapo.pt
frestev@clix.pt
frezimaia@sapo.pt
friosul.l.3@netvisao.pt
fritapeixe@live.com.pt
frm18@netcabo.pt
frmoreira@iol.pt
frodrigues@cadtech.pt
frontoffice@prolucasa.com.pt
frosa6@clix.pt
frrf@sapo.pt
fruas@netcabo.pt
fsa@sasenergia.pt
fsabido@net.sapo.pt
fsampaio@anicolor.pt
fsan@netcabo.pt
fsantos@crediplus.pt
fsantos@gestnave.pt
fsantos@tp.telepac.pt
fsantos440@sapo.pt
fsg1@sapo.pt
fsilva.pt@gmail.com
fsilva@alcobre.pt
fsilva@brisa.pt
fslp@iol.pt
fsoliveira@emfa.pt
fsous@mail.pt
fsousa.psc@mail.telepac.pt
fsport@iol.pt
fsramalho@sapo.pt
fssf@sapo.pt
fsspb@iol.pt
fsunny@sapo.pt
ftomas@lnec.pt
ftop@clix.pt
fuguete6@aeiou.pt
fumagalo@portugalmail.pt
funchal@charib.pt
funchal@ldc.pt
funerarialemos@sapo.pt
funnycar@clix.pt
funparty@netcabo.pt
fuscas@clix.pt
futurdata@futurdata.pt
futurus@futurus.pt
fv@erena.pt
fvalente@itqb.unl.pt
fverissimo@clix.pt
fvictor@sapo.pt
fvscastanheira@netcabo.pt
fwerdugo@clix.pt
fx.areis@iol.pt
fxcosta@sapo.pt
fxfaria@portugalmail.pt
fxjm@clix.pt
fxjm@live.com.pt
g_azevedo@netvisao.pt
g_lima@iol.pt
gab.financeiro@acg.pt
gabeuropa@clix.pt
gabfa@sapo.pt
gabi.branco@mail.pt
gabinete@anadurao.pt
gabinetedesign@vodafone.pt
gabinetemoldes@iol.pt
gabineteresendense@netc.pt
gabriel.cd@sapo.pt
gabriel@povoasemanario.pt
gabriel_marques@sapo.pt
gabriel20@portugalmail.pt
gabriela.abreu@iol.pt
gabrielacoelho@zbtec.pt
gabrielfsousa@iol.pt
gabrielrocha@portugalmail.pt
gabylima@netcabo.pt
gac.imob@netc.pt
gacond@sapo.pt
gaiacentro@ldc.pt
gaiatoys@sapo.pt
gaija@portugalmail.pt
galaxia.paulo@sapo.pt
galego@mail.telepac.pt
gali@live.com.pt
galilux@sapo.pt
galleons@netcabo.pt
galmasa@webcolinas.pt
galmlo@netvisao.pt
galo007@iol.pt
gama.jose1@clix.pt
gamagalhaes@sapo.pt
gamal@sapo.pt
gamatipica@gamatipica.pt
gamos@mail.telepac.pt
gandalf@sapo.pt
ganes@sapo.pt
gapea@oninet.pt
gapeval@gapeval.pt
gapi.condominios@clix.pt
garagem.gamero@sapo.pt
garagemnova@iol.pt
garal@vendaempresas.pt
garciajorge@sapo.pt
garciaolga@sapo.pt
garciasantos@netcabo.pt
gardens_4_u@sapo.pt
gargarejo@clix.pt
garizo@clix.pt
garrafeira@selectmoment.pt
garrido@sapo.pt
garveserve@clix.pt
gas@edl.pt
gasdocoabp@sapo.pt
gasparcoelho@engenheiros.pt
gaspardavid@lve.com.pt
gastao87@sapo.pt
gatekeeper@netcabo.pt
gatinho_rp@netc.pt
gato23@iol.pt
gato32@iol.pt
gaudencio_correia@sapo.pt
gauss@gauss.pt
gavancha@sapo.pt
gazel.ec.jr@sapo.pt
gb.sac@netcabo.pt
gbc1960@sapo.pt
gbmm@gbmm.mail.pt
gbranco@iol.pt
gcaetano@mail.pt
gcalado@eurorelogios.pt
gcm.tbv@iol.pt
gcruz@mediacapital.pt
gd@construtoradabairrada.pt
gdcc2@iol.pt
gdias@mypartnerhc.pt
ge.seixas@clix.pt
gecelis@netc.pt
gen.pt.web@euromaster.com
gene7@sapo.pt
genedestro@sapo.pt
genita@mail.telepac.pt
geofraccao@mail.pt
geojoao@tvtel.pt
georgebsilva@clix.pt
georgefast@netcabo.pt
georgina.carapinha@l4a.pt
geoshape@geoshape.pt
geral.agenciamoreira@sapo.pt
geral.amrc@sapo.pt
geral.ann.pt@gmail.com
geral.cardetrac@sapo.pt
geral.condoserv@sapo.pt
geral.contabilidade@sapo.pt
geral.detailsmind@mail.telepac.pt
geral.excellency@sapo.pt
geral.galvaflex@sapo.pt
geral.helpline@netvisao.pt
geral.iceblock@mail.telepac.pt
geral.mrf@sapo.pt
geral.silvas@sapo.pt
geral@4dominios.pt
geral@6sentido.com.pt
geral@abahome.pt
geral@acadima.web.pt
geral@accer.pt
geral@accountingadvantage.pt
geral@accountservice.com.pt
geral@acessorium.pt
geral@achoc.pt
geral@acorus.pt
geral@acpublicidade.pt
geral@acsalir.pt
geral@activecard.pt
geral@adeuropa.pt
geral@adimoveis.pt
geral@adminis.pt
geral@adminium.pt
geral@adminova.pt
geral@admiverde.pt
geral@aescolinhadajo.pt
geral@aferreiradasilva.pt
geral@agaen.com.pt
geral@aglux.pt
geral@agrovar.pt
geral@agw.pt
geral@ajudaecompanhia.pt
geral@algardominio.pt
geral@alipiomartinsoliveira.mail.pt
geral@allinvest.pt
geral@almada.solarproject.pt
geral@alper.pt
geral@altasensorgas.pt
geral@amaiss.pt
geral@ambicool.pt
geral@ambiental.pt
geral@ambinigma.pt
geral@ambipraga.pt
geral@ambisalus.pt
geral@ambitrevo.pt
geral@ambubraga.pt
geral@amconsultores.mail.pt
geral@amorasub.pt
geral@anamarques.pt
geral@aquamagia.pt
geral@aquamaticalgarve.pt
geral@aquatravel.pt
geral@arcanelas.pt
geral@arcobarca.pt
geral@areautil.pt
geral@arjoval.pt
geral@aroundextreme.pt
geral@arqmais.pt
geral@arquitectos.com.pt
geral@arquitektonica.pt
geral@ars.pt
geral@atelier18.pt
geral@atelierdacidade.mail.pt
geral@autentico.pt
geral@autocircuito.pt
geral@avacfrio.pt
geral@azulchave.pt
geral@b4profile.pt
geral@bebesecriancas.pt
geral@beclub.com.pt
geral@beconnected.com.pt
geral@bee.com.pt
geral@belbrisa.pt
geral@benogue.pt
geral@besmartwithus.pt
geral@bestbabysitters.pt
geral@bestcount.com.pt
geral@bestu.pt
geral@bgh.pt
geral@biobriquete.pt
geral@bisaro.pt
geral@bitpower.pt
geral@blocofuncional.pt
geral@bomlarmed.pt
geral@bonnechance.pt
geral@bragaparques.pt
geral@brasaude.pt
geral@braymartins.pt
geral@businesspoint.pt
geral@buzina.pt
geral@cabitel.com.pt
geral@cadtresd.pt
geral@caixinunes.pt
geral@camprovis.pt
geral@caoviragato.pt
geral@cardivel.pt
geral@care24.pt
geral@carisma.pt
geral@carloscanaes.pt
geral@carlosramoa.pt
geral@carnavalmania.pt
geral@carrefrio.pt
geral@carvidet.pt
geral@casadapedra.pt
geral@casarent.pt
geral@casasemares.pt
geral@casaviva.pt
geral@castroalves.pt
geral@cbprojectos.pt
geral@cdponline.pt
geral@ced.pt
geral@ceflar.pt
geral@centralprojectos.pt
geral@centuplex.pt
geral@centuriagold.pt
geral@cercimarco.pt
geral@certifacil.pt
geral@cfc.pt
geral@chascojeans.pt
geral@chelocivil.pt
geral@ciberforma.pt
geral@ciicis.pt
geral@cirquad.pt
geral@cityhall.com.pt
geral@civilinsp.pt
geral@clearness.pt
geral@climadoze.pt
geral@climo.com.pt
geral@clinicadesaudementaldoporto.pt
geral@cnsports.pt
geral@coffeesnack.pt
geral@colegiodosarcos.com.pt
geral@colisauto.pt
geral@comercialgest.pt
geral@comfortfilm.pt
geral@comingsoon.pt
geral@completepc.pt
geral@conarqeng.pt
geral@conceitodiferentes.pt
geral@conceptboard.pt
geral@condap.pt
geral@condocelos.mail.pt
geral@condominio.lda.pt
geral@condominios.com.pt
geral@condominioscascais.pt
geral@conepa.pt
geral@conjugarsolucoes.pt
geral@consertec.com.pt
geral@consertec.pt
geral@construcoesjm.pt
geral@contamais.com.pt
geral@copialogo.pt
geral@correialacerda.pt
geral@crechebolinhadeneve.pt
geral@crenel.pt
geral@criadecor.pt
geral@cselectricas.pt
geral@cyberdesign.com.pt
geral@cybersource.pt
geral@daolar.pt
geral@dape.pt
geral@darden.pt
geral@data7.pt
geral@datasky.pt
geral@davideli.pt
geral@denariu.pt
geral@depram.mail.pt
geral@desafiodesign.pt
geral@desentupidorabraz.pt
geral@diasdacidade.pt
geral@dicasepormenores.pt
geral@dijoser.pt
geral@dinheirovivo.pt
geral@dinistel.pt
geral@diogoalmeida.com.pt
geral@displayshop.pt
geral@diurban.pt
geral@divibelas.pt
geral@domicarecuida.pt
geral@domigest.pt
geral@dominios.pt
geral@domum.pt
geral@domuslider.pt
geral@dreampools.pt
geral@drh.pt
geral@dulcishome.pt
geral@duplex.com.pt
geral@dynamicsport.pt
geral@ecila.pt
geral@economicotaxis.pt
geral@ectadim.pt
geral@eficema.pt
geral@egpw.pt
geral@eleganciadobrinde.pt
geral@emporium.pt
geral@empregosmanager.pt
geral@energenium.pt
geral@enernatura.pt
geral@enjoyhome.pt
geral@enterprom.pt
geral@equiproin.pt
geral@erisol.pt
geral@ern.com.pt
geral@escalaometal.pt
geral@escolhidoadedo.pt
geral@espacoscruzados.pt
geral@essenciarural.pt
geral@estilus.pt
geral@estoresamedida.com.pt
geral@estrategianumerica.pt
geral@estrutural.pt
geral@estruturaurbana.pt
geral@etnimanual.pt
geral@euroluguer.pt
geral@everyclean.com.pt
geral@exacto.pt
geral@executivenails.pt
geral@expansao.com.pt
geral@expodesign.pt
geral@externatobeaba.pt
geral@externatonunoalvares.pt
geral@fabrimaq.pt
geral@factorelevante.pt
geral@fauna.com.pt
geral@fazemosporsi.pt
geral@fertecnica.pt
geral@fipal.mail.pt
geral@fitnesshut.pt
geral@flcegos.pt
geral@flexdomus.pt
geral@folium.pt
geral@fordesign.com.pt
geral@forevergest.pt
geral@forguia.pt
geral@formaeconteudos.pt
geral@formatc.com.pt
geral@fotografiapacheco.pt
geral@fpscoberturas.com.pt
geral@framecut.pt
geral@fraques.pt
geral@frescasessencias.pt
geral@frigekar.pt
geral@fun4you.com.pt
geral@fungus.pt
geral@fvr.pt
geral@fxis.pt
geral@garal.pt
geral@gardenconcept.com.pt
geral@garrafeiradecelas.pt
geral@geoalgar.pt
geral@geoca.pt
geral@geoclick.com.pt
geral@georumo.pt
geral@gestflois.pt
geral@gizmagico.pt
geral@globalconfort.pt
geral@globalfiltros.pt
geral@globalfinance.com.pt
geral@globalmetodo.pt
geral@gobar.pt
geral@goldassist.pt
geral@gomesebranco.pt
geral@gondogruas.pt
geral@gonew.com.pt
geral@gpacc.pt
geral@grafidata.pt
geral@grafisol.pt
geral@grandomoto.pt
geral@granjaccf.pt
geral@greenheimdall.pt
geral@greenworld.pt
geral@gusnor.com.pt
geral@gutenberg.pt
geral@gveo.com.pt
geral@gyrad.pt
geral@h23.pt
geral@h2nc.pt
geral@hellhothell.pt
geral@hemisferionumerico.pt
geral@henriclima.pt
geral@hiclinic.pt
geral@homecheck.pt
geral@homehelp.pt
geral@hpeletrorepara.pt
geral@hugo.pt
geral@ibercopia.pt
geral@iberoeste.pt
geral@iconefile.pt
geral@idealpool.pt
geral@ilhasdelazer.pt
geral@imobi.pt
geral@impactchoice.pt
geral@imparcialis.pt
geral@impos.com.pt
geral@impossible.pt
geral@indicios.pt
geral@induma.pt
geral@ineditatitude.pt
geral@inforensino.pt
geral@inforiberica.pt
geral@inovatec.com.pt
geral@inoxcom.com.pt
geral@inoxdream.pt
geral@irmc.pt
geral@isocentro.pt
geral@izzysnack.pt
geral@janelas.com.pt
geral@janelasmaiseficientes.pt
geral@jaqueciprolar.pt
geral@jgbf.pt
geral@jlarq.com.pt
geral@joaocruz.pt
geral@joaomartins.pt
geral@jotap.com.pt
geral@jotipox.pt
geral@jsoaresefilhos.pt
geral@justprint.pt
geral@kdms.pt
geral@kidsatschool.com.pt
geral@kpi.com.pt
geral@kuerpokaliente.pt
geral@labombonera.pt
geral@laforet.pt
geral@lareirascarvalho.pt
geral@ldc.pt
geral@ldcseguros.pt
geral@liderlar.mail.pt
geral@lifedesign.com.pt
geral@ligadora.pt
geral@limitevertical.pt
geral@limpolux.pt
geral@lingeriesexy.com.pt
geral@lisbasicos.pt
geral@litografis.pt
geral@lofema.pt
geral@logotipos.com.pt
geral@londrilar.pt
geral@longlashes.pt
geral@lop.pt
geral@lordpost.pt
geral@louriflex.pt
geral@luftec.mail.pt
geral@luftec.pt
geral@lugardamemoria.pt
geral@luisgeada.pt
geral@lusogreen.pt
geral@lvtexteis.com.pt
geral@lxrentascooter.pt
geral@maquibraga.pt
geral@marquesferreira.pt
geral@marviflora.pt
geral@masterpoint.pt
geral@maxiluz.pt
geral@mcmlda.pt
geral@mctec.com.pt
geral@medicalartcenter.pt
geral@medicalplan.pt
geral@medidasenergicas.pt
geral@megabyte.com.pt
geral@megawatt.pt
geral@misericordiagolega.pt
geral@mjsilva.pt
geral@mmourato.pt
geral@mobiesc.pt
geral@mobilare.pt
geral@mobilift.pt
geral@mobiwood.pt
geral@moita.solarproject.pt
geral@monazite.pt
geral@mormac.pt
geral@mosfet.pt
geral@motivavence.pt
geral@moveisinfantecabrita.pt
geral@msassociados.pt
geral@msbn.pt
geral@multisac.pt
geral@mundodacrianca.pt
geral@nassini.com.pt
geral@nds.com.pt
geral@netosantoslopes.pt
geral@nevesemarques.pt
geral@nifios.mail.pt
geral@nivelcosmeticos.pt
geral@novicash.pt
geral@nucleonso.pt
geral@nutriforce.pt
geral@oa4.pt
geral@observer.com.pt
geral@oficial.pt
geral@ogirassol.pt
geral@okcasa.com.pt
geral@omelhordavida.pt
geral@ominus.pt
geral@omnisinal.pt
geral@onstrucoesjm.pt
geral@opcaoq.pt
geral@opengreen.pt
geral@optigal.pt
geral@orbirecurso.pt
geral@ourobraga.pt
geral@override.pt
geral@ozoneshop.pt
geral@packoptions.pt
geral@palexpo.pt
geral@paredesgest.pt
geral@parentes.pt
geral@partynight.pt
geral@pay4u.pt
geral@pcexper.pt
geral@pclogica.com.pt
geral@pcondominios.pt
geral@pcwork.pt
geral@pdm.com.pt
geral@pecavidro.pt
geral@pedepagina.pt
geral@pedraviva.pt
geral@pentanatura.pt
geral@pereiraecarneio.pt
geral@perfama.pt
geral@perimetrofinal.pt
geral@petfoto.pt
geral@pggestao.pt
geral@phdesigns.pt
geral@pimpumplay.pt
geral@pingusenglish.pt
geral@pinkbox.pt
geral@pirotecniabarquense.pt
geral@pirotecniatlantica.pt
geral@plater.pt
geral@pmesaude.pt
geral@portalphone.mail.pt
geral@posser.pt
geral@pressto.com.pt
geral@printerman.pt
geral@privategold.pt
geral@procadimoldes.pt
geral@procompany.pt
geral@proengiar.pt
geral@proquiplas.pt
geral@prorating.pt
geral@prosolutions.pt
geral@protega.pt
geral@puberia.pt
geral@publicenter.pt
geral@publinorte.pt
geral@publishdream.pt
geral@purewater.pt
geral@purometal.pt
geral@qmsc.pt
geral@qualiporta.pt
geral@qualitytouch.pt
geral@quepinta.pt
geral@quimiforus.pt
geral@quintadastendinhas.com.pt
geral@quintadaveiguinha.pt
geral@rafflesia.pt
geral@rcpool.pt
geral@realizamus.pt
geral@rebelopaisagista.com.pt
geral@recfield.pt
geral@recigaia.pt
geral@recom.pt
geral@recompostos.pt
geral@reinoencantado.pt
geral@residuos.pt
geral@restaurantealfredo.com.pt
geral@restaurantetorricado.pt
geral@resultexpert.pt
geral@resultfacilityservices.pt
geral@ricardocruz.com.pt
geral@rolitubo.pt
geral@rpsf.pt
geral@rustizul.pt
geral@safetronic.pt
geral@salvadorefilhos.pt
geral@saniluz.pt
geral@sanisteel.pt
geral@santosaparicio.pt
geral@sapatariarosita.pt
geral@sattune.pt
geral@sbaempreenda.pt
geral@scgc.pt
geral@secilor.pt
geral@seduz.pt
geral@segmentovertical.pt
geral@seguross.com.pt
geral@selcop.pt
geral@serfer.pt
geral@servibocage.pt
geral@servtecinovacao.pt
geral@sevengest.pt
geral@shiningzone.pt
geral@showbrilha.pt
geral@sicosonda.pt
geral@signa.pt
geral@silencedesign.pt
geral@simacontrol.pt
geral@simplerent.com.pt
geral@simplesatitude.pt
geral@sinaldesaude.pt
geral@sitalgarve.com.pt
geral@slbenfica.pt
geral@slst.pt
geral@smartbus.pt
geral@smartidiom.pt
geral@smileatwork.pt
geral@smotics.pt
geral@soccerspace.pt
geral@soconpa.pt
geral@soferragens.pt
geral@soldanorte.pt
geral@solucoesprestigio.pt
geral@solucoessimples.pt
geral@solvana.pt
geral@sonholindo.pt
geral@sonyfoto.com.pt
geral@soscobrancas.pt
geral@specai.pt
geral@spee.pt
geral@speeddating.com.pt
geral@spotciber.pt
geral@stoneage.pt
geral@stopword.pt
geral@suitebay.pt
geral@sulfogo.pt
geral@tapelar.pt
geral@tbc.pt
geral@tdinformatica.pt
geral@tecniwater.com.pt
geral@tecno2004.pt
geral@tecnocentro.com.pt
geral@teixeiragoncalves.pt
geral@tendenciasincontornaveis.pt
geral@teofilocoelholima.pt
geral@termasdealcafache.pt
geral@termichouse.pt
geral@termomat.pt
geral@terracolimpo.pt
geral@texcoat.pt
geral@thebrand.pt
geral@tmontemuro.pt
geral@top30.pt
geral@topiteu.pt
geral@totalvertical.pt
geral@tractorcaldas.pt
geral@transportesfaneca.pt
geral@trium.pt
geral@trusteam.pt
geral@tuaseca.pt
geral@tucab.pt
geral@uniprint.pt
geral@valemartinho.pt
geral@valortejo.pt
geral@vendaempresas.pt
geral@viapetro.pt
geral@vidasaudavel.pt
geral@videolight.pt
geral@vimajas.pt
geral@viriato.lda.pt
geral@virtualcenter.pt
geral@visodidatica.pt
geral@vitaliasaude.pt
geral@vitoria.com.pt
geral@vkasa.pt
geral@vontadetropical.pt
geral@webjj.com.pt
geral@webolution.pt
geral@weglow.pt
geral@wiseaction.pt
geral@wiselayout.pt
geral@wtb.pt
geral@xkt.pt
geral@xmkids.pt
geral@xvena.pt
geral_gestondela@sapo.pt
geral_gvertical@sapo.pt
geralmg@sapo.pt
geralpmcc@sapo.pt
geravila@sapo.pt
gercosta@sapo.pt
gerel@andradecor.pt
gerencia.soprei@mail.telepac.pt
gerencia@admidinamica.pt
gerencia@arcoduplo.pt
gerencia@aromatejo.pt
gerencia@inforferreira.pt
gerencia@intelac.pt
gereplus@mail.telepac.pt
germano.silva@vodafone.pt
germano@ua.pt
gerthie@alumni.fd.uc.pt
gescompol@mail.telepac.pt
gesdomini@clix.pt
gesdomus@sapo.pt
gesfresh@netcabo.pt
geslar@geslar.pt
geslupigestao@netvisao.pt
gesprodominios@ip.pt
gest.condominos@sapo.pt
gestaire@sapo.pt
gestaocondominio@credisoma.pt
gestaodecondominio@netvisao.pt
gestaraujos@netvisao.pt
gestcond@iol.pt
gestcondominus@oninet.pt
gestflois@sapo.pt
gestifacil@sapo.pt
gestilaso@netvisao.pt
gestipaulo_s@portugalmail.pt
gestlimpa@sapo.pt
getep@getep.pt
gfcondominios@sapo.pt
gfda@sapo.pt
gfreirenet@live.com.pt
gfrosa@sapo.pt
ggcruz@fcsh.unl.pt
ggm@sapo.pt
ggoncalves@tap.pt
gibit@iol.pt
gigaplan@mail.telepac.pt
gigasoft@sapo.pt
gigg@clix.pt
gil.eiriz@oninet.pt
gil.megre@iol.pt
gil@mail.pt
gil@nata.pt
gil@prowizard.pt
gilberto.1@sapo.pt
gilbertodias@netcabo.pt
gilgmota@jardicentro.pt
gilmonteiro@clix.pt
gilreis@mail.pt
gimnofirme@sapo.pt
gina.russo@sapo.pt
ginartur@iol.pt
giroclima@mail.telepac.pt
gisela.goncalves@inpi.pt
gisela.morgadinho@sapo.pt
giselabarros@bhzdesign.pt
giselah@sapo.pt
giseniconeves@live.com.pt
gjsm@sapo.pt
gjunior@iol.pt
glacerda@netcabo.pt
glaranjeira@sapo.pt
glccondominios@sapo.pt
glenwille@sapo.pt
glk@iol.pt
global.geral@sapo.pt
global@libera.pt
globalcatlive@sapo.pt
gloria.lambelho@inatel.pt
gloriajose@sapo.pt
gloriamartins@net.sapo.pt
gloriapinto@sapo.pt
glp@clix.pt
glp@glplab.pt
glsintra@clix.pt
gmdaniel@sapo.pt
gmdco@sapo.pt
gmfernandes@vedior.pt
gmor@osnofa.pt
gmr.rui@clix.pt
gncol@iol.pt
gnf@netcabo.pt
gnitrops@sapo.pt
gnls1@sapo.pt
gnogueira@iol.pt
goat2007@sapo.pt
gocha.spider@iol.pt
godchem@sapo.pt
godinho.seguros@clix.pt
godspeed@sapo.pt
goe@netc.pt
gojuric@sapo.pt
golden.days@sapo.pt
goldenhour@goldenhour.pt
goldesk@goldesk.pt
goldfuntravel@netcabo.pt
golfhome@sapo.pt
golfinhoazul@mail.pt
gomes.10@sapo.pt
gomes.guilherme@iol.pt
gomes.marques@segurosprivados.com.pt
gomes.santos@netcabo.pt
gomes_barbosa@netcabo.pt
gomessantos@netcabo.pt
goncallf@netcabo.pt
goncalo.baiao@netcabo.pt
goncalo.m.pedro@iol.pt
goncalo.matos@netcabo.pt
goncalo.oliveira@optimus.pt
goncalo.rio@netcabo.pt
goncalo.sousa@netvisao.pt
goncalo.telesgomes@mne.pt
goncalo_lewes@clix.pt
goncalocp@iol.pt
goncalofino@netcabo.pt
goncalolopes@generali.pt
goncaloneves@iol.pt
goncaloruivo@sapo.pt
goncalovicente@opticadaajuda.pt
goncalovicente@opticalia.com.pt
goncalvescg@sapo.pt
goncalvesde@sapo.pt
goncalvesferreira@sapo.pt
gondomar@onlybattery.pt
gongas@netcabo.pt
gonzalez.carlos@sapo.pt
gordalinda@sapo.pt
gordep@iol.pt
gordis@sapo.pt
gordos2@sapo.pt
goreteg@clix.pt
goreti.araujo@clix.pt
goreti.tavares@listor.pt
goretipereira@praddy.pt
goretty_c@netcabo.pt
goulaocomercio@oniduo.pt
goulart1968@portugalmail.pt
gouvecomunica@mail.telepac.pt
gouveia@ubi.pt
govaz@sapo.pt
gpacheco@efiefe.pt
gpascoal@fmh.utl.pt
gpc.coimbra@sapo.pt
gperry@mail.telepac.pt
gpp@iol.pt
gptransportes@iol.pt
gr.cortinados@sapo.pt
graca.duarte@link.pt
graca.duarte@net.novis.pt
graca.olival@fmd.ul.pt
graca.santos@banif.pt
gracajose@iol.pt
gracalima@vizzavi.pt
gracalmeida2@sapo.pt
gracamello@sapo.pt
gracasgmcosta@sapo.pt
gracindaramos@sapo.pt
grade.carlos@sapo.pt
grafembal@sapo.pt
graficadabatalha@graficadabatalha.pt
grafidem@sapo.pt
grafixida@sapo.pt
grakalorvao@net.sapo.pt
graphpack@sapo.pt
gravomecanica@mail.telepac.pt
gravymedal@mail.telepac.pt
grcondominio@ciberbit.pt
greatspot@iol.pt
greenbird@iol.pt
greencare@sapo.pt
greennews@sapo.pt
greenplan@greenplan.pt
gregs@netcabo.pt
gremlin587@clix.pt
grilmar@sapo.pt
grilo.cristina@sapo.pt
grilo.fernandes@sapo.pt
griloa@netcabo.pt
grinco@sapo.pt
grio@netcabo.pt
grmsc@netcabo.pt
gruasrocha@sapo.pt
gruivo@iol.pt
grupoalves@sapo.pt
grupotlc@sapo.pt
gshst@iol.pt
gsilva@ete.pt
gstricker@netcabo.pt
gtkpr@gmx.pt
gtsg.aves@sapo.pt
gtulik@iol.pt
gualdinotavares@oniduo.pt
gualtermoura@zonmail.pt
gualtermp@sapo.pt
guarda@ldc.pt
guardadas@sapo.pt
guardajoiaslda@sapo.pt
guardian_angel@netvisao.pt
gue_vara@netbi.pt
guear@iol.pt
guedes68@sapo.pt
guedesc@phonehouse.pt
guedeseguedes@sapo.pt
guedesmobiliario@portugalmail.pt
guerra.alves@netcabo.pt
guerra.fatima@netcabo.pt
guerra1976@iol.pt
guerreiro.pedro@sapo.pt
guerreiro@sapo.pt
guerreiro3@sapo.pt
gueslb@sapo.pt
gui.neves@netc.pt
guiapereira@sapo.pt
guida.alberto@portugalmail.pt
guida.maia@iol.pt
guida_sousa.unip.lda@live.com.pt
guidad@netcabo.pt
guidavila@sapo.pt
guidorebeca@sapo.pt
guiduxa@zmail.pt
guilherme@vnc.com.pt
guilherme33@netcabo.pt
guilhermealmeida@iol.pt
guilhermecoutinho@oniduo.pt
guilhermina.costa@mail.telepac.pt
guilhermino.teixeirg@clix.pt
guilherminoteixeira@sapo.pt
guima@netcabo.pt
guimadeira@netcabo.pt
guimaraes@ldc.pt
guimaraes@vivafit.pt
guimaraesjs@sapo.pt
guimate@iol.pt
guiomar_oliveira@iol.pt
guiser@mail.pt
guitiriz@sapo.pt
gumilu@mail.telepac.pt
gunther@clix.pt
gusmao@clix.pt
gustavo.bidarra@live.com.pt
gustavo.lima@azores.gov.pt
gustavo.pinto@copiges.pt
gustavo_mano@bancomais.pt
gustavo_santos@netcabo.pt
gustavoaz@netvisao.pt
gvcardoso@sapo.pt
h_b_g@netcabo.pt
h_ginete@sapo.pt
h_queiros@aeiou.pt
habacuc@netcabo.pt
habiservicos@iol.pt
habitagere@clix.pt
habitagere@sapo.pt
habitask@habionda.pt
habiterme@sapo.pt
haindam@iol.pt
hairstyler_vittie@live.com.pt
hairstyling_vittie@live.com.pt
hallpharc@sapo.pt
halucin@sapo.pt
hamilton_quelhas@iol.pt
hamlet@hamlet.com.pt
hamms@iol.pt
handrade@mail.pt
hangelo@netcabo.pt
hanna32@clix.pt
happy_house@sapo.pt
harez@powersil.pt
harlem_angel@iol.pt
harmoritmo@netcabo.pt
haruncarsane@newmed.pt
hasm@live.com.pt
hbarata@netcabo.pt
hbarracosa@ualg.pt
hbecs@sapo.pt
hbecs@vodafone.pt
hcardoso@belleville.pt
hcarvalho808@creditoagricola.pt
hcatarinaffg@sapo.pt
hccr@mail.pt
hcdavidportugal@sapo.pt
hcdgarcia@iol.pt
hcentral@netvisao.pt
hcfernandes@live.com.pt
hcirne@portugalmail.pt
hcmultimedia@netcabo.pt
hcomnet@mail.telepac.pt
hcosta@eireira.pt
hdangermouse@sapo.pt
hdaniel@mail.expresso.pt
hducalpe@sapo.pt
headend@mail.telepac.pt
headsup@live.com.pt
heber@tvtel.pt
heca@mail.pt
hedilo@autojulicar.pt
heimat2@mail.telepac.pt
heimat2@sapo.pt
hejo@netcabo.pt
hejoduga@sapo.pt
hel.ana@oninet.pt
hel890@sapo.pt
helcoang@mail.telepac.pt
helder.a.alves@netcabo.pt
helder.alves@gral.mj.pt
helder.fernandes@sapo.pt
helder.ferreira7@netvisao.pt
helder.gomes@bwp.pt
helder.gsilva@duplex.com.pt
helder.jacome@axa.pt
helder.lima.2@clix.pt
helder.m.c.ferreira@vodafone.pt
helder.mc.freitas@azores.gov.pt
helder.morais@clix.pt
helder.peixoto@fdti.pt
helder@engenheiros.pt
helder@icn.pt
helder@intermusica.pt
helder@phinformatica.pt
helder_bastos@sapo.pt
helder_sa@sapo.pt
helderaclopes@clix.pt
helderahfs@sapo.pt
helderamorim1971@sapo.pt
helderbarros@sapo.pt
heldercool@sapo.pt
heldercruz2@portugalmail.pt
helderdias@coresaocubo.pt
helderevan@netc.pt
helderf_costa@sapo.pt
heldermadeira@oniduo.pt
heldermatos@live.com.pt
heldermiguel@iol.pt
heldermonte@iol.pt
heldermonteiro@netvisao.pt
heldermurcha@sapo.pt
helderocha@netcabo.pt
helderrocha2@sapo.pt
heldersilva.75@sapo.pt
heldersilva@mass.com.pt
heldersousa@portugalmail.pt
helderssilva@sapo.pt
helena.a.pedro@sapo.pt
helena.alves@dgae.mj.pt
helena.ascencao@netcabo.pt
helena.carpinteiro@millenniumbcp.pt
helena.costa@ifap.pt
helena.ferreira@webzen.pt
helena.geraldes@iol.pt
helena.i.silva@clix.pt
helena.m.moreira@sapo.pt
helena.medeiros@ar.parlamento.pt
helena.padinha@netopolis.pt
helena.revez@live.com.pt
helena.santos12@netcabo.pt
helena.silva@portoalto.com.pt
helena.soares@live.com.pt
helena.vieira@tele2.pt
helena_correia@clix.pt
helena1910@sapo.pt
helenabarroso@mail.telepac.pt
helenabatista@netcabo.pt
helenabrandaoveloso@sapo.pt
helenacanha@clix.pt
helenacoelho@cccm.pt
helenacohen@netvisao.pt
helenadias1969@iol.pt
helenaferrazaraujo@sapo.pt
helenag@sapo.pt
helenagodinho@live.com.pt
helenaisousa@sapo.pt
helenamartins@sapo.pt
helenamartins@zmail.pt
helenarevez@sapo.pt
helenario@sapo.pt
helenarios@sapo.pt
helenogrady.pt@gmail.com
helga.monteiro@mail.telepac.pt
heliajoana@netcabo.pt
heliamsm@netcabo.pt
helio@uptodate.pt
heliomauro@clix.pt
helios@portugalmail.pt
heliosousa@iol.pt
hellriot7@sapo.pt
helpd@sapo.pt
helpdesk@viaponte.pt
henrijesus@netcabo.pt
henriksilva@netvisao.pt
henrique.ferreira@ipb.pt
henrique.moreira@netvisao.pt
henrique.oliveira@konicaminolta.pt
henrique.penedo@netcabo.pt
henrique.pires@netcabo.pt
henrique.rodrigues@millenniumbcp.pt
henrique.rs@veneporte.pt
henrique.simoes@live.com.pt
henrique_claro@iol.pt
henrique_cruz@sapo.pt
henrique_ferreira@iol.pt
henriquecouto@netvisao.pt
henriqueganso@live.com.pt
henriquejgcabeleira@sapo.pt
henriquemp@clix.pt
henriquepl@clix.pt
henriques.am@vodafone.pt
henriques.gomes@sapo.pt
henriques_37@mail.pt
henriquesana@portugalmail.pt
henriquesantos@tvtel.pt
henriquescarlos@live.com.pt
henriquesereno@mail.tmn.pt
henriquesi@iol.pt
hensil@netcabo.pt
heralves@sapo.pt
herculano.paulo@netcabo.pt
herdilimpa@sapo.pt
hermenegildo@bragatel.pt
hermenegildolopes@sapo.pt
herminiogb@netcabo.pt
hermlopes@sapo.pt
hermsilva@sapo.pt
hernani.costa@netcabo.pt
hernanifaria@mail.telepac.pt
hesiodo@sapo.pt
hfgcosta@clix.pt
hfhgoncalves@sapo.pt
hfreitas@ci.uc.pt
hfrr@sapo.pt
hgodinho@live.com.pt
hhsousah@sapo.pt
hialves@sapo.pt
hidroblue@sapo.pt
hidrotrans@hidrotrans.pt
higienis@clix.pt
higilava@sapo.pt
higinio.garcia@printcriativa.pt
higino1961@sapo.pt
higituneslda@sapo.pt
hilario.luz@portugalmail.pt
himmartins@netcabo.pt
hioide@iol.pt
hiors@iol.pt
hip@netcabo.pt
hipkin@portugalmail.pt
hipsis.lda@sapo.pt
hirondina.lima@sapo.pt
hist.contadas@netcabo.pt
hjcosta@enabler.pt
hjfraguas@clix.pt
hjj6@sapo.pt
hjose@sapo.pt
hjpereira@sapo.pt
hjpla@clix.pt
hjrm@mail.pt
hlagera@iol.pt
hlebre@cromolab.pt
hlpinho@sapo.pt
hmacana@sapo.pt
hmcosta@netcabo.pt
hmf@netc.pt
hmgr@netcabo.pt
hmlc@fct.unl.pt
hmm765@sapo.pt
hmsousa78@sapo.pt
hneves@ficope.pt
hnuno@iol.pt
hnuno@net.sapo.pt
hobbit.ayla@mail.telepac.pt
hojoral@netcabo.pt
holiveira@aotrabalho.pt
holiveira27@sapo.pt
holli@portugalmail.pt
home_net@sapo.pt
homehouse@netcabo.pt
homemdoleme@iol.pt
homer_simpson@sapo.pt
honoratapires@sapo.pt
hopn@sapo.pt
horaciolages@mail.telepac.pt
horamartins@sapo.pt
horiana@sapo.pt
horizontal@clix.pt
horux@aeiou.pt
hose1951@netvisao.pt
hoses@netcabo.pt
hosp5bicas@netvisao.pt
hotel.globo@algarvesol.pt
hotman@iol.pt
howellsantos@troisgest.pt
hpessoa@sapo.pt
hpinho@iol.pt
hpires@megamail.pt
hpmarques@clix.pt
hpmonteiro@sapo.pt
hpmsm@sapo.pt
hquintino@vodafone.pt
hrclda@mail.telepac.pt
hrosa@mail.pt
hrosa@portugalmail.pt
hrufino@netcabo.pt
hrusso@iol.pt
hrusso@ipimar.pt
hsalgueirinho@netcabo.pt
hsantana76@netcabo.pt
hsantos@kind.pt
hsantos@zmail.pt
hsantos52@sapo.pt
hsaul@iol.pt
hsca@students.fct.unl.pt
hsdomingues@santogal.pt
hserras@netcabo.pt
hsnakeman@sapo.pt
hsneves@mail.pt
hsousa@artinova.pt
hsrocha@iol.pt
hst@clearenergy.pt
hsviais@refer.pt
hteixeira@netcabo.pt
htsubasa@sapo.pt
hugo.21@sapo.pt
hugo.abreu@sapo.pt
hugo.carmo@netvisao.pt
hugo.carvalho@satelite.pt
hugo.cascais@newvision.pt
hugo.felicio@netcabo.pt
hugo.figueiredo@libertyseguros.pt
hugo.frederico@clix.pt
hugo.gomes@engenheiros.pt
hugo.goncalves@compal.pt
hugo.graca@firestore.pt
hugo.lopes@endutex.pt
hugo.macedo@tmn.pt
hugo.oliveira@artin.pt
hugo.pereira@acp.pt
hugo.rebelo@casadascorreias.pt
hugo.reinhardt@best4you.pt
hugo.rodrigues@lusorede.pt
hugo.viegas@esi.pt
hugo@4hsa.pt
hugo@elevis.pt
hugo@ipt.pt
hugo_2602@sapo.pt
hugo_ad_ferreira@vizzavi.pt
hugo_antunes@live.com.pt
hugo_estarreja@mail.pt
hugo_hvt@sapo.pt
hugo_lopes@sapo.pt
hugo_monteiro@netcabo.pt
hugo_padilha@clix.pt
hugo_ruivo@netc.pt
hugo1979@portugalmail.pt
hugoaff@iol.pt
hugobasto@tvtel.pt
hugobosspt@sapo.pt
hugocarreira@americoalves.pt
hugocarrusca@iol.pt
hugocarvalho@praznik.pt
hugocerdeira@sysware.com.pt
hugocf@sapo.pt
hugocomba@netcabo.pt
hugocorga@netcabo.pt
hugodepaiva@sapo.pt
hugoduarte@sic.pt
hugofcunha@netcabo.pt
hugofigueiredo@netcabo.pt
hugofs.pt@gmail.com
hugofscaetano@sapo.pt
hugoginja@netc.pt
hugoisa@live.com.pt
hugoj.almeida@sapo.pt
hugoj.silva@iol.pt
hugolamas@sapo.pt
hugoluz@sapo.pt
hugomalhao@oniduo.pt
hugomalhao@oninet.pt
hugomcosta@netcabo.pt
hugomcsilva@netvisao.pt
hugomendes@viafer.pt
hugompl@netcabo.pt
hugomploureiro@netcabo.pt
hugonline@sapo.pt
hugorangel@sapo.pt
hugoroma@netcabo.pt
hugosabreu@sapo.pt
hugosilva2004@iol.pt
hugosjesus@netvisao.pt
hugovaz@netcabo.pt
hugovsky@sapo.pt
hugowoddy@netcabo.pt
hugsousa2@sapo.pt
humb_fern@netcabo.pt
humberto.abel@novabase.pt
humberto.rodrigues@millenniumbcp.pt
humberto.rodrigues@sapo.pt
humberto.rufino@clix.pt
humberto.vasconcelos@clix.pt
humberto@acc.com.pt
humberto_bastos@sapo.pt
humbertoalmeida@sapo.pt
humbertocosta@ceniude.pt
humbertofigueiredo@megamail.pt
humbsilva1@sapo.pt
humtra.casa@sapo.pt
hupel1@netvisao.pt
hussaen@netcabo.pt
hvalves@sapo.pt
hvilar@tap.pt
hzacarias@ordemenfermeiros.pt
ia_pinto@sapo.pt
iagomelo@sapo.pt
ianm@upt.pt
ianus@iol.pt
iapi@mail.pt
iba@sapo.pt
ibagest@sapo.pt
ibanez@net.sapo.pt
ibarroso@oniduo.pt
ibengala@sg.mdn.gov.pt
ibergados@sapo.pt
iberica_beira@sapo.pt
ibiza_@sapo.pt
icaiado@math.uminho.pt
icetea00@live.com.pt
icfnotaria@mail.telepac.pt
ich@netcabo.pt
icmarinho@netcabo.pt
icorreia@ist.utl.pt
icvjustino@sapo.pt
idadedosafectos@sapo.pt
idaleciosoares@sapo.pt
idateixeira@netcabo.pt
ideal@idealcondominio.com.pt
idealmente@idealmente.pt
idealpaint@sapo.pt
ideiactual1@sapo.pt
ideiasambientais@netvisao.pt
ideoma.pt@gmail.com
idoriocorreia@sapo.pt
ifbrodrigues@netcabo.pt
ifigueiredo@clix.pt
ifirmino@portugalmail.pt
iftpereira@sapo.pt
ig@netvisao.pt
igoncalves@ldc.pt
ihipolito@rexel.pt
ijs@moonstone.pt
ijunior@portugalmail.pt
ilaja@uch.pt
ild_costa@mail.pt
ilda.matos@mail.pt
ilda.ribeiro@oninetspeed.pt
ildag@iol.pt
ildamatos@sapo.pt
ildaramos@iol.pt
ildareis@mail.telepac.pt
ilecoguyli@netcabo.pt
ilhadebaixo@sapo.pt
ilidiacsoares@sapo.pt
ilidio.gouveia@mundiclasse.pt
ilidio.ramos.drc@iefp.pt
ilidio.saraiva@epal.pt
ilidio@ttaxi.pt
ilidio_brito@clix.pt
ilm.comunicacaoemarketing@sapo.pt
ilreis@sonaedistribuicao.pt
ilustre_anonimo@aeiou.pt
im_cc@clix.pt
imaia@sapo.pt
imargari@netvisao.pt
imarques@barrocas.com.pt
imartins@lnec.pt
imcanhoto@sapo.pt
imcrispim@bportugal.pt
imendes@netcabo.pt
imfernandes@ana.pt
imfrs@clix.pt
imiranda31@sapo.pt
imlsilva@sapo.pt
